<?xml version='1.0' encoding='UTF-8' standalone='yes'?>
<!-- Document definition -->
<!DOCTYPE MEME[
<!ELEMENT MEME (
  training_set,
  model, 
  motifs, 
  scanned_sites_summary?
)>
<!ATTLIST MEME 
  version CDATA #REQUIRED
  release CDATA #REQUIRED
>
<!-- Training-set elements -->
<!ELEMENT training_set (alphabet, ambigs, sequence*, letter_frequencies)>
<!ATTLIST training_set datafile CDATA #REQUIRED length CDATA #REQUIRED>
<!ELEMENT alphabet (letter*)>
<!ATTLIST alphabet name CDATA #REQUIRED>
<!ELEMENT ambigs (letter*)>
<!ELEMENT letter EMPTY>
<!ATTLIST letter id ID #REQUIRED>
<!ATTLIST letter symbol CDATA #REQUIRED>
<!ATTLIST letter equals CDATA #IMPLIED>
<!ATTLIST letter aliases CDATA #IMPLIED>
<!ATTLIST letter complement CDATA #IMPLIED>
<!ATTLIST letter name CDATA #IMPLIED>
<!ATTLIST letter colour CDATA #IMPLIED>
<!ELEMENT sequence EMPTY>
<!ATTLIST sequence id ID #REQUIRED
                   name CDATA #REQUIRED
                   length CDATA #REQUIRED
                   weight CDATA #REQUIRED
>
<!ELEMENT letter_frequencies (alphabet_array)>

<!-- Model elements -->
<!ELEMENT model (
  command_line,
  host,
  type,
  nmotifs,
  evalue_threshold,
  object_function,
  min_width,
  max_width,
  minic,
  wg,
  ws,
  endgaps,
  minsites,
  maxsites,
  wnsites,
  prob,
  spmap,
  spfuzz,
  prior,
  beta,
  maxiter,
  distance,
  num_sequences,
  num_positions,
  seed,
  seqfrac,
  strands,
  priors_file,
  reason_for_stopping,
  background_frequencies
)>
<!ELEMENT command_line (#PCDATA)*>
<!ELEMENT host (#PCDATA)*>
<!ELEMENT type (#PCDATA)*>
<!ELEMENT nmotifs (#PCDATA)*>
<!ELEMENT evalue_threshold (#PCDATA)*>
<!ELEMENT object_function (#PCDATA)*>
<!ELEMENT min_width (#PCDATA)*>
<!ELEMENT max_width (#PCDATA)*>
<!ELEMENT minic (#PCDATA)*>
<!ELEMENT wg (#PCDATA)*>
<!ELEMENT ws (#PCDATA)*>
<!ELEMENT endgaps (#PCDATA)*>
<!ELEMENT minsites (#PCDATA)*>
<!ELEMENT maxsites (#PCDATA)*>
<!ELEMENT wnsites (#PCDATA)*>
<!ELEMENT prob (#PCDATA)*>
<!ELEMENT spmap (#PCDATA)*>
<!ELEMENT spfuzz (#PCDATA)*>
<!ELEMENT prior (#PCDATA)*>
<!ELEMENT beta (#PCDATA)*>
<!ELEMENT maxiter (#PCDATA)*>
<!ELEMENT distance (#PCDATA)*>
<!ELEMENT num_sequences (#PCDATA)*>
<!ELEMENT num_positions (#PCDATA)*>
<!ELEMENT seed (#PCDATA)*>
<!ELEMENT seqfrac (#PCDATA)*>
<!ELEMENT strands (#PCDATA)*>
<!ELEMENT priors_file (#PCDATA)*>
<!ELEMENT reason_for_stopping (#PCDATA)*>
<!ELEMENT background_frequencies (alphabet_array)>
<!ATTLIST background_frequencies source CDATA #REQUIRED>

<!-- Motif elements -->
<!ELEMENT motifs (motif*)>
<!ELEMENT motif (scores, probabilities, regular_expression?, contributing_sites)>
<!ATTLIST motif id ID #REQUIRED
                name CDATA #REQUIRED
                width CDATA #REQUIRED
                sites CDATA #REQUIRED
                llr CDATA #REQUIRED
                ic CDATA #REQUIRED
                re CDATA #REQUIRED
                bayes_threshold CDATA #REQUIRED
                e_value CDATA #REQUIRED
                elapsed_time CDATA #REQUIRED
                url CDATA ""
>
<!ELEMENT scores (alphabet_matrix)>
<!ELEMENT probabilities (alphabet_matrix)>
<!ELEMENT regular_expression (#PCDATA)*>

<!-- Contributing site elements -->
<!-- Contributing sites are motif occurences found during the motif discovery phase -->
<!ELEMENT contributing_sites (contributing_site*)>
<!ELEMENT contributing_site (left_flank, site, right_flank)>
<!ATTLIST contributing_site sequence_id IDREF #REQUIRED
                          position CDATA #REQUIRED
                          strand (plus|minus|none) 'none'
                          pvalue CDATA #REQUIRED
>
<!-- The left_flank contains the sequence for 10 bases to the left of the motif start -->
<!ELEMENT left_flank (#PCDATA)>
<!-- The site contains the sequence for the motif instance -->
<!ELEMENT site (letter_ref*)>
<!-- The right_flank contains the sequence for 10 bases to the right of the motif end -->
<!ELEMENT right_flank (#PCDATA)>

<!-- Scanned site elements -->
<!-- Scanned sites are motif occurences found during the sequence scan phase -->
<!ELEMENT scanned_sites_summary (scanned_sites*)>
<!ATTLIST scanned_sites_summary p_thresh CDATA #REQUIRED>
<!ELEMENT scanned_sites (scanned_site*)>
<!ATTLIST scanned_sites sequence_id IDREF #REQUIRED
                        pvalue CDATA #REQUIRED
                        num_sites CDATA #REQUIRED>
<!ELEMENT scanned_site EMPTY>
<!ATTLIST scanned_site  motif_id IDREF #REQUIRED
                        strand (plus|minus|none) 'none'
                        position CDATA #REQUIRED
                        pvalue CDATA #REQUIRED>

<!-- Utility elements -->
<!-- A reference to a letter in the alphabet -->
<!ELEMENT letter_ref EMPTY>
<!ATTLIST letter_ref letter_id IDREF #REQUIRED>
<!-- A alphabet-array contains one floating point value for each letter in an alphabet -->
<!ELEMENT alphabet_array (value*)>
<!ELEMENT value (#PCDATA)>
<!ATTLIST value letter_id IDREF #REQUIRED>

<!-- A alphabet_matrix contains one alphabet_array for each position in a motif -->
<!ELEMENT alphabet_matrix (alphabet_array*)>

]>
<!-- Begin document body -->
<MEME version="4.11.1" release="Fri Jan 15 12:51:59 2016 -0800">
<training_set datafile="training.fasta" length="81">
<alphabet name="DNA" like="dna">
<letter id="A" symbol="A" complement="T" name="Adenine" colour="CC0000"/>
<letter id="C" symbol="C" complement="G" name="Cytosine" colour="0000CC"/>
<letter id="G" symbol="G" complement="C" name="Guanine" colour="FFB300"/>
<letter id="T" symbol="T" aliases="U" complement="A" name="Thymine" colour="008000"/>
<letter id="N" symbol="N" aliases="X." equals="ACGT" name="Any base"/>
<letter id="V" symbol="V" equals="ACG" name="Not T"/>
<letter id="H" symbol="H" equals="ACT" name="Not G"/>
<letter id="D" symbol="D" equals="AGT" name="Not C"/>
<letter id="B" symbol="B" equals="CGT" name="Not A"/>
<letter id="M" symbol="M" equals="AC" name="Amino"/>
<letter id="R" symbol="R" equals="AG" name="Purine"/>
<letter id="W" symbol="W" equals="AT" name="Weak"/>
<letter id="S" symbol="S" equals="CG" name="Strong"/>
<letter id="Y" symbol="Y" equals="CT" name="Pyrimidine"/>
<letter id="K" symbol="K" equals="GT" name="Keto"/>
</alphabet>
<sequence id="sequence_0" name="RPL13A" length="634" weight="1.000000" />
<sequence id="sequence_1" name="RPL42B" length="754" weight="1.000000" />
<sequence id="sequence_2" name="RPS23A" length="494" weight="1.000000" />
<sequence id="sequence_3" name="RPL35A" length="793" weight="1.000000" />
<sequence id="sequence_4" name="RPP0" length="780" weight="1.000000" />
<sequence id="sequence_5" name="RPL14A" length="1172" weight="1.000000" />
<sequence id="sequence_6" name="RPL23B" length="576" weight="1.000000" />
<sequence id="sequence_7" name="RPS9A" length="864" weight="1.000000" />
<sequence id="sequence_8" name="RPS1A" length="406" weight="1.000000" />
<sequence id="sequence_9" name="RPL40B" length="1053" weight="1.000000" />
<sequence id="sequence_10" name="RPL16B" length="698" weight="1.000000" />
<sequence id="sequence_11" name="RPS0B" length="805" weight="1.000000" />
<sequence id="sequence_12" name="RPL25" length="867" weight="1.000000" />
<sequence id="sequence_13" name="RPL20B" length="644" weight="1.000000" />
<sequence id="sequence_14" name="RPS6B" length="713" weight="1.000000" />
<sequence id="sequence_15" name="RPL3" length="1129" weight="1.000000" />
<sequence id="sequence_16" name="RPS11B" length="470" weight="1.000000" />
<sequence id="sequence_17" name="RPL10" length="450" weight="1.000000" />
<sequence id="sequence_18" name="RPS23B" length="465" weight="1.000000" />
<sequence id="sequence_19" name="RPL31A" length="630" weight="1.000000" />
<sequence id="sequence_20" name="RPS14B" length="372" weight="1.000000" />
<sequence id="sequence_21" name="RPL38" length="788" weight="1.000000" />
<sequence id="sequence_22" name="RPL18B" length="1131" weight="1.000000" />
<sequence id="sequence_23" name="RPS13" length="341" weight="1.000000" />
<sequence id="sequence_24" name="RPS6A" length="724" weight="1.000000" />
<sequence id="sequence_25" name="RPL6B" length="957" weight="1.000000" />
<sequence id="sequence_26" name="RPS4A" length="1099" weight="1.000000" />
<sequence id="sequence_27" name="RPS16A" length="716" weight="1.000000" />
<sequence id="sequence_28" name="RPL13B" length="719" weight="1.000000" />
<sequence id="sequence_29" name="RPL1B" length="773" weight="1.000000" />
<sequence id="sequence_30" name="RPS2" length="899" weight="1.000000" />
<sequence id="sequence_31" name="RPL4A" length="213" weight="1.000000" />
<sequence id="sequence_32" name="RPS7A" length="1183" weight="1.000000" />
<sequence id="sequence_33" name="RPL36A" length="331" weight="1.000000" />
<sequence id="sequence_34" name="RPL41B" length="619" weight="1.000000" />
<sequence id="sequence_35" name="RPL33A" length="1147" weight="1.000000" />
<sequence id="sequence_36" name="RPL43A" length="492" weight="1.000000" />
<sequence id="sequence_37" name="RPL22A" length="427" weight="1.000000" />
<sequence id="sequence_38" name="RPP1A" length="510" weight="1.000000" />
<sequence id="sequence_39" name="RPL33B" length="660" weight="1.000000" />
<sequence id="sequence_40" name="RPL27A" length="833" weight="1.000000" />
<sequence id="sequence_41" name="RPS16B" length="634" weight="1.000000" />
<sequence id="sequence_42" name="RPS10A" length="494" weight="1.000000" />
<sequence id="sequence_43" name="RPL23A" length="462" weight="1.000000" />
<sequence id="sequence_44" name="RPS21B" length="897" weight="1.000000" />
<sequence id="sequence_45" name="RPL40A" length="637" weight="1.000000" />
<sequence id="sequence_46" name="RPS27B" length="554" weight="1.000000" />
<sequence id="sequence_47" name="RPS28B" length="294" weight="1.000000" />
<sequence id="sequence_48" name="RPL36B" length="428" weight="1.000000" />
<sequence id="sequence_49" name="RPL15A" length="682" weight="1.000000" />
<sequence id="sequence_50" name="RPS24A" length="723" weight="1.000000" />
<sequence id="sequence_51" name="RPL18A" length="452" weight="1.000000" />
<sequence id="sequence_52" name="RPL27B" length="555" weight="1.000000" />
<sequence id="sequence_53" name="RPS24B" length="687" weight="1.000000" />
<sequence id="sequence_54" name="RPS18B" length="569" weight="1.000000" />
<sequence id="sequence_55" name="RPL34B" length="780" weight="1.000000" />
<sequence id="sequence_56" name="RPS20" length="623" weight="1.000000" />
<sequence id="sequence_57" name="RPL11B" length="650" weight="1.000000" />
<sequence id="sequence_58" name="RPS7B" length="567" weight="1.000000" />
<sequence id="sequence_59" name="RPP1B" length="473" weight="1.000000" />
<sequence id="sequence_60" name="RPL4B" length="1194" weight="1.000000" />
<sequence id="sequence_61" name="RPS27A" length="432" weight="1.000000" />
<sequence id="sequence_62" name="RPL8A" length="350" weight="1.000000" />
<sequence id="sequence_63" name="RPS12" length="530" weight="1.000000" />
<sequence id="sequence_64" name="RPL15B" length="965" weight="1.000000" />
<sequence id="sequence_65" name="RPL20A" length="607" weight="1.000000" />
<sequence id="sequence_66" name="RPL8B" length="1199" weight="1.000000" />
<sequence id="sequence_67" name="RPL14B" length="306" weight="1.000000" />
<sequence id="sequence_68" name="RPS4B" length="782" weight="1.000000" />
<sequence id="sequence_69" name="RPL39" length="594" weight="1.000000" />
<sequence id="sequence_70" name="RPS3" length="1180" weight="1.000000" />
<sequence id="sequence_71" name="RPL17A" length="664" weight="1.000000" />
<sequence id="sequence_72" name="RPL2A" length="658" weight="1.000000" />
<sequence id="sequence_73" name="RPS1B" length="605" weight="1.000000" />
<sequence id="sequence_74" name="RPS19A" length="527" weight="1.000000" />
<sequence id="sequence_75" name="RPL7B" length="390" weight="1.000000" />
<sequence id="sequence_76" name="RPL41A" length="386" weight="1.000000" />
<sequence id="sequence_77" name="RPP2A" length="719" weight="1.000000" />
<sequence id="sequence_78" name="RPL43B" length="1156" weight="1.000000" />
<sequence id="sequence_79" name="RPL22B" length="528" weight="1.000000" />
<sequence id="sequence_80" name="RPS21A" length="289" weight="1.000000" />
<letter_frequencies>
<alphabet_array>
<value letter_id="A">0.307</value>
<value letter_id="C">0.196</value>
<value letter_id="G">0.177</value>
<value letter_id="T">0.320</value>
</alphabet_array>
</letter_frequencies>
</training_set>
<model>
<command_line>meme training.fasta -o Meme_out -dna </command_line>
<host>149-160-149-70.dhcp-bl.indiana.edu</host>
<type>zoops</type>
<nmotifs>1</nmotifs>
<evalue_threshold>inf</evalue_threshold>
<object_function>E-value of product of p-values</object_function>
<use_llr>0</use_llr>
<min_width>8</min_width>
<max_width>50</max_width>
<wg>11</wg>
<ws>1</ws>
<endgaps>yes</endgaps>
<substring>yes</substring>
<minsites>2</minsites>
<maxsites>81</maxsites>
<wnsites>0.8</wnsites>
<spmap>uni</spmap>
<spfuzz>0.5</spfuzz>
<prior>dirichlet</prior>
<beta>0.01</beta>
<maxiter>50</maxiter>
<distance>1e-05</distance>
<num_sequences>81</num_sequences>
<num_positions>54553</num_positions>
<seed>0</seed>
<ctfrac>-1</ctfrac>
<maxwords>-1</maxwords>
<strands>forward</strands>
<priors_file></priors_file>
<reason_for_stopping>Stopped because requested number of motifs (1) found.</reason_for_stopping>
<background_frequencies source="dataset with add-one prior applied">
<alphabet_array>
<value letter_id="A">0.307</value>
<value letter_id="C">0.196</value>
<value letter_id="G">0.177</value>
<value letter_id="T">0.320</value>
</alphabet_array>
</background_frequencies>
</model>
<motifs>
<motif id="motif_1" name="1" width="18" sites="70" ic="18.8" re="17.6" llr="856" e_value="5.2e-113" bayes_threshold="10.9536" elapsed_time="95.080744">
<scores>
<alphabet_matrix>
<alphabet_array>
<value letter_id="A">-26</value>
<value letter_id="C">-120</value>
<value letter_id="G">-105</value>
<value letter_id="T">84</value>
</alphabet_array>
<alphabet_array>
<value letter_id="A">-26</value>
<value letter_id="C">-78</value>
<value letter_id="G">-46</value>
<value letter_id="T">65</value>
</alphabet_array>
<alphabet_array>
<value letter_id="A">-43</value>
<value letter_id="C">-120</value>
<value letter_id="G">-263</value>
<value letter_id="T">104</value>
</alphabet_array>
<alphabet_array>
<value letter_id="A">107</value>
<value letter_id="C">-120</value>
<value letter_id="G">7</value>
<value letter_id="T">-190</value>
</alphabet_array>
<alphabet_array>
<value letter_id="A">-52</value>
<value letter_id="C">189</value>
<value letter_id="G">-163</value>
<value letter_id="T">-1277</value>
</alphabet_array>
<alphabet_array>
<value letter_id="A">166</value>
<value letter_id="C">-278</value>
<value letter_id="G">-1277</value>
<value letter_id="T">-1277</value>
</alphabet_array>
<alphabet_array>
<value letter_id="A">-1277</value>
<value letter_id="C">154</value>
<value letter_id="G">-363</value>
<value letter_id="T">37</value>
</alphabet_array>
<alphabet_array>
<value letter_id="A">-442</value>
<value letter_id="C">233</value>
<value letter_id="G">-1277</value>
<value letter_id="T">-1277</value>
</alphabet_array>
<alphabet_array>
<value letter_id="A">-1277</value>
<value letter_id="C">220</value>
<value letter_id="G">-363</value>
<value letter_id="T">-190</value>
</alphabet_array>
<alphabet_array>
<value letter_id="A">66</value>
<value letter_id="C">-1277</value>
<value letter_id="G">137</value>
<value letter_id="T">-248</value>
</alphabet_array>
<alphabet_array>
<value letter_id="A">-210</value>
<value letter_id="C">-220</value>
<value letter_id="G">-1277</value>
<value letter_id="T">147</value>
</alphabet_array>
<alphabet_array>
<value letter_id="A">153</value>
<value letter_id="C">-1277</value>
<value letter_id="G">-63</value>
<value letter_id="T">-1277</value>
</alphabet_array>
<alphabet_array>
<value letter_id="A">-1277</value>
<value letter_id="C">235</value>
<value letter_id="G">-1277</value>
<value letter_id="T">-1277</value>
</alphabet_array>
<alphabet_array>
<value letter_id="A">164</value>
<value letter_id="C">-220</value>
<value letter_id="G">-1277</value>
<value letter_id="T">-1277</value>
</alphabet_array>
<alphabet_array>
<value letter_id="A">-342</value>
<value letter_id="C">31</value>
<value letter_id="G">-1277</value>
<value letter_id="T">119</value>
</alphabet_array>
<alphabet_array>
<value letter_id="A">-62</value>
<value letter_id="C">39</value>
<value letter_id="G">-363</value>
<value letter_id="T">73</value>
</alphabet_array>
<alphabet_array>
<value letter_id="A">-43</value>
<value letter_id="C">-61</value>
<value letter_id="G">-1277</value>
<value letter_id="T">101</value>
</alphabet_array>
<alphabet_array>
<value letter_id="A">-26</value>
<value letter_id="C">31</value>
<value letter_id="G">-263</value>
<value letter_id="T">56</value>
</alphabet_array>
</alphabet_matrix>
</scores>
<probabilities>
<alphabet_matrix>
<alphabet_array>
<value letter_id="A">0.257143</value>
<value letter_id="C">0.085714</value>
<value letter_id="G">0.085714</value>
<value letter_id="T">0.571429</value>
</alphabet_array>
<alphabet_array>
<value letter_id="A">0.257143</value>
<value letter_id="C">0.114286</value>
<value letter_id="G">0.128571</value>
<value letter_id="T">0.500000</value>
</alphabet_array>
<alphabet_array>
<value letter_id="A">0.228571</value>
<value letter_id="C">0.085714</value>
<value letter_id="G">0.028571</value>
<value letter_id="T">0.657143</value>
</alphabet_array>
<alphabet_array>
<value letter_id="A">0.642857</value>
<value letter_id="C">0.085714</value>
<value letter_id="G">0.185714</value>
<value letter_id="T">0.085714</value>
</alphabet_array>
<alphabet_array>
<value letter_id="A">0.214286</value>
<value letter_id="C">0.728571</value>
<value letter_id="G">0.057143</value>
<value letter_id="T">0.000000</value>
</alphabet_array>
<alphabet_array>
<value letter_id="A">0.971429</value>
<value letter_id="C">0.028571</value>
<value letter_id="G">0.000000</value>
<value letter_id="T">0.000000</value>
</alphabet_array>
<alphabet_array>
<value letter_id="A">0.000000</value>
<value letter_id="C">0.571429</value>
<value letter_id="G">0.014286</value>
<value letter_id="T">0.414286</value>
</alphabet_array>
<alphabet_array>
<value letter_id="A">0.014286</value>
<value letter_id="C">0.985714</value>
<value letter_id="G">0.000000</value>
<value letter_id="T">0.000000</value>
</alphabet_array>
<alphabet_array>
<value letter_id="A">0.000000</value>
<value letter_id="C">0.900000</value>
<value letter_id="G">0.014286</value>
<value letter_id="T">0.085714</value>
</alphabet_array>
<alphabet_array>
<value letter_id="A">0.485714</value>
<value letter_id="C">0.000000</value>
<value letter_id="G">0.457143</value>
<value letter_id="T">0.057143</value>
</alphabet_array>
<alphabet_array>
<value letter_id="A">0.071429</value>
<value letter_id="C">0.042857</value>
<value letter_id="G">0.000000</value>
<value letter_id="T">0.885714</value>
</alphabet_array>
<alphabet_array>
<value letter_id="A">0.885714</value>
<value letter_id="C">0.000000</value>
<value letter_id="G">0.114286</value>
<value letter_id="T">0.000000</value>
</alphabet_array>
<alphabet_array>
<value letter_id="A">0.000000</value>
<value letter_id="C">1.000000</value>
<value letter_id="G">0.000000</value>
<value letter_id="T">0.000000</value>
</alphabet_array>
<alphabet_array>
<value letter_id="A">0.957143</value>
<value letter_id="C">0.042857</value>
<value letter_id="G">0.000000</value>
<value letter_id="T">0.000000</value>
</alphabet_array>
<alphabet_array>
<value letter_id="A">0.028571</value>
<value letter_id="C">0.242857</value>
<value letter_id="G">0.000000</value>
<value letter_id="T">0.728571</value>
</alphabet_array>
<alphabet_array>
<value letter_id="A">0.200000</value>
<value letter_id="C">0.257143</value>
<value letter_id="G">0.014286</value>
<value letter_id="T">0.528571</value>
</alphabet_array>
<alphabet_array>
<value letter_id="A">0.228571</value>
<value letter_id="C">0.128571</value>
<value letter_id="G">0.000000</value>
<value letter_id="T">0.642857</value>
</alphabet_array>
<alphabet_array>
<value letter_id="A">0.257143</value>
<value letter_id="C">0.242857</value>
<value letter_id="G">0.028571</value>
<value letter_id="T">0.471429</value>
</alphabet_array>
</alphabet_matrix>
</probabilities>
<regular_expression>
[TA][TA][TA]A[CA]A[CT]CC[AG]TACA[TC][TCA][TA][TAC]
</regular_expression>
<contributing_sites>
<contributing_site sequence_id="sequence_33" position="164" strand="plus" pvalue="8.06e-11" >
<left_flank>TTTAGACTGT</left_flank>
<site>
<letter_ref letter_id="T"/>
<letter_ref letter_id="T"/>
<letter_ref letter_id="T"/>
<letter_ref letter_id="A"/>
<letter_ref letter_id="C"/>
<letter_ref letter_id="A"/>
<letter_ref letter_id="C"/>
<letter_ref letter_id="C"/>
<letter_ref letter_id="C"/>
<letter_ref letter_id="G"/>
<letter_ref letter_id="T"/>
<letter_ref letter_id="A"/>
<letter_ref letter_id="C"/>
<letter_ref letter_id="A"/>
<letter_ref letter_id="T"/>
<letter_ref letter_id="T"/>
<letter_ref letter_id="T"/>
<letter_ref letter_id="C"/>
</site>
<right_flank>ACAGTTTTTT</right_flank>
</contributing_site>
<contributing_site sequence_id="sequence_44" position="550" strand="plus" pvalue="2.95e-10" >
<left_flank>CGACAATGTG</left_flank>
<site>
<letter_ref letter_id="T"/>
<letter_ref letter_id="T"/>
<letter_ref letter_id="T"/>
<letter_ref letter_id="A"/>
<letter_ref letter_id="C"/>
<letter_ref letter_id="A"/>
<letter_ref letter_id="C"/>
<letter_ref letter_id="C"/>
<letter_ref letter_id="C"/>
<letter_ref letter_id="G"/>
<letter_ref letter_id="T"/>
<letter_ref letter_id="A"/>
<letter_ref letter_id="C"/>
<letter_ref letter_id="A"/>
<letter_ref letter_id="C"/>
<letter_ref letter_id="T"/>
<letter_ref letter_id="T"/>
<letter_ref letter_id="T"/>
</site>
<right_flank>ATACATCCAT</right_flank>
</contributing_site>
<contributing_site sequence_id="sequence_54" position="192" strand="plus" pvalue="3.11e-09" >
<left_flank>ACTACTGAAT</left_flank>
<site>
<letter_ref letter_id="T"/>
<letter_ref letter_id="T"/>
<letter_ref letter_id="T"/>
<letter_ref letter_id="A"/>
<letter_ref letter_id="C"/>
<letter_ref letter_id="A"/>
<letter_ref letter_id="T"/>
<letter_ref letter_id="C"/>
<letter_ref letter_id="C"/>
<letter_ref letter_id="A"/>
<letter_ref letter_id="T"/>
<letter_ref letter_id="A"/>
<letter_ref letter_id="C"/>
<letter_ref letter_id="A"/>
<letter_ref letter_id="T"/>
<letter_ref letter_id="T"/>
<letter_ref letter_id="T"/>
<letter_ref letter_id="T"/>
</site>
<right_flank>TTTGAAATTT</right_flank>
</contributing_site>
<contributing_site sequence_id="sequence_6" position="183" strand="plus" pvalue="1.19e-08" >
<left_flank>TTCCCTGTTG</left_flank>
<site>
<letter_ref letter_id="T"/>
<letter_ref letter_id="A"/>
<letter_ref letter_id="T"/>
<letter_ref letter_id="A"/>
<letter_ref letter_id="C"/>
<letter_ref letter_id="A"/>
<letter_ref letter_id="T"/>
<letter_ref letter_id="C"/>
<letter_ref letter_id="C"/>
<letter_ref letter_id="G"/>
<letter_ref letter_id="T"/>
<letter_ref letter_id="A"/>
<letter_ref letter_id="C"/>
<letter_ref letter_id="A"/>
<letter_ref letter_id="C"/>
<letter_ref letter_id="T"/>
<letter_ref letter_id="T"/>
<letter_ref letter_id="T"/>
</site>
<right_flank>TGTGAACCCA</right_flank>
</contributing_site>
<contributing_site sequence_id="sequence_72" position="141" strand="plus" pvalue="1.46e-08" >
<left_flank>AATAAGACTT</left_flank>
<site>
<letter_ref letter_id="T"/>
<letter_ref letter_id="T"/>
<letter_ref letter_id="T"/>
<letter_ref letter_id="T"/>
<letter_ref letter_id="C"/>
<letter_ref letter_id="A"/>
<letter_ref letter_id="C"/>
<letter_ref letter_id="C"/>
<letter_ref letter_id="C"/>
<letter_ref letter_id="G"/>
<letter_ref letter_id="T"/>
<letter_ref letter_id="A"/>
<letter_ref letter_id="C"/>
<letter_ref letter_id="A"/>
<letter_ref letter_id="T"/>
<letter_ref letter_id="T"/>
<letter_ref letter_id="T"/>
<letter_ref letter_id="T"/>
</site>
<right_flank>TAACACCCAA</right_flank>
</contributing_site>
<contributing_site sequence_id="sequence_11" position="377" strand="plus" pvalue="2.16e-08" >
<left_flank>TATTTCCCTT</left_flank>
<site>
<letter_ref letter_id="T"/>
<letter_ref letter_id="T"/>
<letter_ref letter_id="T"/>
<letter_ref letter_id="A"/>
<letter_ref letter_id="C"/>
<letter_ref letter_id="A"/>
<letter_ref letter_id="T"/>
<letter_ref letter_id="C"/>
<letter_ref letter_id="C"/>
<letter_ref letter_id="G"/>
<letter_ref letter_id="T"/>
<letter_ref letter_id="A"/>
<letter_ref letter_id="C"/>
<letter_ref letter_id="A"/>
<letter_ref letter_id="T"/>
<letter_ref letter_id="A"/>
<letter_ref letter_id="T"/>
<letter_ref letter_id="A"/>
</site>
<right_flank>AAATGTAAAC</right_flank>
</contributing_site>
<contributing_site sequence_id="sequence_80" position="61" strand="plus" pvalue="3.07e-08" >
<left_flank>TTCCTGTACT</left_flank>
<site>
<letter_ref letter_id="T"/>
<letter_ref letter_id="T"/>
<letter_ref letter_id="T"/>
<letter_ref letter_id="A"/>
<letter_ref letter_id="A"/>
<letter_ref letter_id="A"/>
<letter_ref letter_id="T"/>
<letter_ref letter_id="C"/>
<letter_ref letter_id="C"/>
<letter_ref letter_id="G"/>
<letter_ref letter_id="T"/>
<letter_ref letter_id="A"/>
<letter_ref letter_id="C"/>
<letter_ref letter_id="A"/>
<letter_ref letter_id="T"/>
<letter_ref letter_id="T"/>
<letter_ref letter_id="T"/>
<letter_ref letter_id="T"/>
</site>
<right_flank>GAAAATTGAA</right_flank>
</contributing_site>
<contributing_site sequence_id="sequence_45" position="276" strand="plus" pvalue="3.61e-08" >
<left_flank>ATTTGAGTTT</left_flank>
<site>
<letter_ref letter_id="A"/>
<letter_ref letter_id="T"/>
<letter_ref letter_id="T"/>
<letter_ref letter_id="A"/>
<letter_ref letter_id="C"/>
<letter_ref letter_id="A"/>
<letter_ref letter_id="T"/>
<letter_ref letter_id="C"/>
<letter_ref letter_id="C"/>
<letter_ref letter_id="G"/>
<letter_ref letter_id="T"/>
<letter_ref letter_id="A"/>
<letter_ref letter_id="C"/>
<letter_ref letter_id="A"/>
<letter_ref letter_id="T"/>
<letter_ref letter_id="T"/>
<letter_ref letter_id="A"/>
<letter_ref letter_id="C"/>
</site>
<right_flank>TAAGATGTAT</right_flank>
</contributing_site>
<contributing_site sequence_id="sequence_68" position="296" strand="plus" pvalue="4.96e-08" >
<left_flank>TCGAGACAAT</left_flank>
<site>
<letter_ref letter_id="T"/>
<letter_ref letter_id="A"/>
<letter_ref letter_id="T"/>
<letter_ref letter_id="G"/>
<letter_ref letter_id="C"/>
<letter_ref letter_id="A"/>
<letter_ref letter_id="T"/>
<letter_ref letter_id="C"/>
<letter_ref letter_id="C"/>
<letter_ref letter_id="A"/>
<letter_ref letter_id="T"/>
<letter_ref letter_id="A"/>
<letter_ref letter_id="C"/>
<letter_ref letter_id="A"/>
<letter_ref letter_id="T"/>
<letter_ref letter_id="T"/>
<letter_ref letter_id="T"/>
<letter_ref letter_id="C"/>
</site>
<right_flank>ACCCAGACAT</right_flank>
</contributing_site>
<contributing_site sequence_id="sequence_79" position="279" strand="plus" pvalue="5.79e-08" >
<left_flank>TTTCTCCATG</left_flank>
<site>
<letter_ref letter_id="T"/>
<letter_ref letter_id="C"/>
<letter_ref letter_id="A"/>
<letter_ref letter_id="A"/>
<letter_ref letter_id="C"/>
<letter_ref letter_id="A"/>
<letter_ref letter_id="C"/>
<letter_ref letter_id="C"/>
<letter_ref letter_id="C"/>
<letter_ref letter_id="G"/>
<letter_ref letter_id="T"/>
<letter_ref letter_id="A"/>
<letter_ref letter_id="C"/>
<letter_ref letter_id="A"/>
<letter_ref letter_id="T"/>
<letter_ref letter_id="A"/>
<letter_ref letter_id="T"/>
<letter_ref letter_id="T"/>
</site>
<right_flank>CAGAGATAAC</right_flank>
</contributing_site>
<contributing_site sequence_id="sequence_13" position="283" strand="plus" pvalue="5.79e-08" >
<left_flank>TTTTCGGGAC</left_flank>
<site>
<letter_ref letter_id="T"/>
<letter_ref letter_id="G"/>
<letter_ref letter_id="T"/>
<letter_ref letter_id="T"/>
<letter_ref letter_id="C"/>
<letter_ref letter_id="A"/>
<letter_ref letter_id="C"/>
<letter_ref letter_id="C"/>
<letter_ref letter_id="C"/>
<letter_ref letter_id="G"/>
<letter_ref letter_id="T"/>
<letter_ref letter_id="A"/>
<letter_ref letter_id="C"/>
<letter_ref letter_id="A"/>
<letter_ref letter_id="T"/>
<letter_ref letter_id="T"/>
<letter_ref letter_id="T"/>
<letter_ref letter_id="T"/>
</site>
<right_flank>ACGTTTCCGA</right_flank>
</contributing_site>
<contributing_site sequence_id="sequence_17" position="177" strand="plus" pvalue="6.81e-08" >
<left_flank>GGGGTGCTTT</left_flank>
<site>
<letter_ref letter_id="T"/>
<letter_ref letter_id="T"/>
<letter_ref letter_id="T"/>
<letter_ref letter_id="A"/>
<letter_ref letter_id="C"/>
<letter_ref letter_id="A"/>
<letter_ref letter_id="C"/>
<letter_ref letter_id="C"/>
<letter_ref letter_id="T"/>
<letter_ref letter_id="G"/>
<letter_ref letter_id="T"/>
<letter_ref letter_id="A"/>
<letter_ref letter_id="C"/>
<letter_ref letter_id="A"/>
<letter_ref letter_id="T"/>
<letter_ref letter_id="C"/>
<letter_ref letter_id="T"/>
<letter_ref letter_id="T"/>
</site>
<right_flank>TTCCCTCCGT</right_flank>
</contributing_site>
<contributing_site sequence_id="sequence_29" position="457" strand="plus" pvalue="7.92e-08" >
<left_flank>TACGGACATT</left_flank>
<site>
<letter_ref letter_id="T"/>
<letter_ref letter_id="T"/>
<letter_ref letter_id="T"/>
<letter_ref letter_id="G"/>
<letter_ref letter_id="A"/>
<letter_ref letter_id="A"/>
<letter_ref letter_id="C"/>
<letter_ref letter_id="C"/>
<letter_ref letter_id="C"/>
<letter_ref letter_id="A"/>
<letter_ref letter_id="T"/>
<letter_ref letter_id="A"/>
<letter_ref letter_id="C"/>
<letter_ref letter_id="A"/>
<letter_ref letter_id="T"/>
<letter_ref letter_id="C"/>
<letter_ref letter_id="T"/>
<letter_ref letter_id="T"/>
</site>
<right_flank>TCAATATGCA</right_flank>
</contributing_site>
<contributing_site sequence_id="sequence_59" position="194" strand="plus" pvalue="9.17e-08" >
<left_flank>CAGATATTCC</left_flank>
<site>
<letter_ref letter_id="T"/>
<letter_ref letter_id="T"/>
<letter_ref letter_id="T"/>
<letter_ref letter_id="A"/>
<letter_ref letter_id="A"/>
<letter_ref letter_id="A"/>
<letter_ref letter_id="C"/>
<letter_ref letter_id="C"/>
<letter_ref letter_id="C"/>
<letter_ref letter_id="A"/>
<letter_ref letter_id="T"/>
<letter_ref letter_id="A"/>
<letter_ref letter_id="C"/>
<letter_ref letter_id="A"/>
<letter_ref letter_id="T"/>
<letter_ref letter_id="A"/>
<letter_ref letter_id="T"/>
<letter_ref letter_id="C"/>
</site>
<right_flank>TTACACAAAA</right_flank>
</contributing_site>
<contributing_site sequence_id="sequence_37" position="195" strand="plus" pvalue="9.17e-08" >
<left_flank>TACATTTAAT</left_flank>
<site>
<letter_ref letter_id="A"/>
<letter_ref letter_id="A"/>
<letter_ref letter_id="T"/>
<letter_ref letter_id="A"/>
<letter_ref letter_id="C"/>
<letter_ref letter_id="A"/>
<letter_ref letter_id="T"/>
<letter_ref letter_id="C"/>
<letter_ref letter_id="C"/>
<letter_ref letter_id="A"/>
<letter_ref letter_id="T"/>
<letter_ref letter_id="A"/>
<letter_ref letter_id="C"/>
<letter_ref letter_id="A"/>
<letter_ref letter_id="T"/>
<letter_ref letter_id="T"/>
<letter_ref letter_id="T"/>
<letter_ref letter_id="A"/>
</site>
<right_flank>TGTTAATTTG</right_flank>
</contributing_site>
<contributing_site sequence_id="sequence_35" position="787" strand="plus" pvalue="1.05e-07" >
<left_flank>TCCTTACCTC</left_flank>
<site>
<letter_ref letter_id="T"/>
<letter_ref letter_id="T"/>
<letter_ref letter_id="T"/>
<letter_ref letter_id="A"/>
<letter_ref letter_id="C"/>
<letter_ref letter_id="A"/>
<letter_ref letter_id="C"/>
<letter_ref letter_id="C"/>
<letter_ref letter_id="C"/>
<letter_ref letter_id="T"/>
<letter_ref letter_id="T"/>
<letter_ref letter_id="A"/>
<letter_ref letter_id="C"/>
<letter_ref letter_id="A"/>
<letter_ref letter_id="C"/>
<letter_ref letter_id="T"/>
<letter_ref letter_id="T"/>
<letter_ref letter_id="C"/>
</site>
<right_flank>CTTTGATTAC</right_flank>
</contributing_site>
<contributing_site sequence_id="sequence_5" position="757" strand="plus" pvalue="1.05e-07" >
<left_flank>TGACAGCGCA</left_flank>
<site>
<letter_ref letter_id="A"/>
<letter_ref letter_id="A"/>
<letter_ref letter_id="T"/>
<letter_ref letter_id="A"/>
<letter_ref letter_id="C"/>
<letter_ref letter_id="A"/>
<letter_ref letter_id="C"/>
<letter_ref letter_id="C"/>
<letter_ref letter_id="C"/>
<letter_ref letter_id="A"/>
<letter_ref letter_id="T"/>
<letter_ref letter_id="A"/>
<letter_ref letter_id="C"/>
<letter_ref letter_id="A"/>
<letter_ref letter_id="C"/>
<letter_ref letter_id="T"/>
<letter_ref letter_id="A"/>
<letter_ref letter_id="T"/>
</site>
<right_flank>TTTTACATCT</right_flank>
</contributing_site>
<contributing_site sequence_id="sequence_58" position="260" strand="plus" pvalue="1.20e-07" >
<left_flank>TCCGTACCTC</left_flank>
<site>
<letter_ref letter_id="T"/>
<letter_ref letter_id="T"/>
<letter_ref letter_id="T"/>
<letter_ref letter_id="A"/>
<letter_ref letter_id="A"/>
<letter_ref letter_id="A"/>
<letter_ref letter_id="T"/>
<letter_ref letter_id="C"/>
<letter_ref letter_id="C"/>
<letter_ref letter_id="G"/>
<letter_ref letter_id="T"/>
<letter_ref letter_id="A"/>
<letter_ref letter_id="C"/>
<letter_ref letter_id="A"/>
<letter_ref letter_id="T"/>
<letter_ref letter_id="T"/>
<letter_ref letter_id="A"/>
<letter_ref letter_id="T"/>
</site>
<right_flank>TGTTTTGCTT</right_flank>
</contributing_site>
<contributing_site sequence_id="sequence_1" position="389" strand="plus" pvalue="1.38e-07" >
<left_flank>CCGAACATCC</left_flank>
<site>
<letter_ref letter_id="G"/>
<letter_ref letter_id="A"/>
<letter_ref letter_id="T"/>
<letter_ref letter_id="A"/>
<letter_ref letter_id="C"/>
<letter_ref letter_id="A"/>
<letter_ref letter_id="C"/>
<letter_ref letter_id="C"/>
<letter_ref letter_id="C"/>
<letter_ref letter_id="A"/>
<letter_ref letter_id="T"/>
<letter_ref letter_id="A"/>
<letter_ref letter_id="C"/>
<letter_ref letter_id="A"/>
<letter_ref letter_id="T"/>
<letter_ref letter_id="C"/>
<letter_ref letter_id="A"/>
<letter_ref letter_id="T"/>
</site>
<right_flank>GAAAATAAAT</right_flank>
</contributing_site>
<contributing_site sequence_id="sequence_14" position="387" strand="plus" pvalue="1.58e-07" >
<left_flank>AACCTCTTTT</left_flank>
<site>
<letter_ref letter_id="C"/>
<letter_ref letter_id="T"/>
<letter_ref letter_id="T"/>
<letter_ref letter_id="G"/>
<letter_ref letter_id="C"/>
<letter_ref letter_id="A"/>
<letter_ref letter_id="T"/>
<letter_ref letter_id="C"/>
<letter_ref letter_id="C"/>
<letter_ref letter_id="A"/>
<letter_ref letter_id="T"/>
<letter_ref letter_id="A"/>
<letter_ref letter_id="C"/>
<letter_ref letter_id="A"/>
<letter_ref letter_id="T"/>
<letter_ref letter_id="C"/>
<letter_ref letter_id="T"/>
<letter_ref letter_id="T"/>
</site>
<right_flank>TGAACTCCAT</right_flank>
</contributing_site>
<contributing_site sequence_id="sequence_24" position="289" strand="plus" pvalue="1.81e-07" >
<left_flank>TCGAGTTCTC</left_flank>
<site>
<letter_ref letter_id="A"/>
<letter_ref letter_id="T"/>
<letter_ref letter_id="T"/>
<letter_ref letter_id="G"/>
<letter_ref letter_id="A"/>
<letter_ref letter_id="A"/>
<letter_ref letter_id="C"/>
<letter_ref letter_id="C"/>
<letter_ref letter_id="C"/>
<letter_ref letter_id="A"/>
<letter_ref letter_id="T"/>
<letter_ref letter_id="A"/>
<letter_ref letter_id="C"/>
<letter_ref letter_id="A"/>
<letter_ref letter_id="T"/>
<letter_ref letter_id="T"/>
<letter_ref letter_id="T"/>
<letter_ref letter_id="C"/>
</site>
<right_flank>AACTATTTTT</right_flank>
</contributing_site>
<contributing_site sequence_id="sequence_73" position="204" strand="plus" pvalue="2.06e-07" >
<left_flank>ACAGCATTTT</left_flank>
<site>
<letter_ref letter_id="T"/>
<letter_ref letter_id="G"/>
<letter_ref letter_id="T"/>
<letter_ref letter_id="A"/>
<letter_ref letter_id="C"/>
<letter_ref letter_id="A"/>
<letter_ref letter_id="T"/>
<letter_ref letter_id="C"/>
<letter_ref letter_id="C"/>
<letter_ref letter_id="A"/>
<letter_ref letter_id="T"/>
<letter_ref letter_id="A"/>
<letter_ref letter_id="C"/>
<letter_ref letter_id="A"/>
<letter_ref letter_id="C"/>
<letter_ref letter_id="C"/>
<letter_ref letter_id="A"/>
<letter_ref letter_id="T"/>
</site>
<right_flank>ACACCATACA</right_flank>
</contributing_site>
<contributing_site sequence_id="sequence_28" position="383" strand="plus" pvalue="2.06e-07" >
<left_flank>ATCTGTACAT</left_flank>
<site>
<letter_ref letter_id="T"/>
<letter_ref letter_id="A"/>
<letter_ref letter_id="C"/>
<letter_ref letter_id="G"/>
<letter_ref letter_id="C"/>
<letter_ref letter_id="A"/>
<letter_ref letter_id="C"/>
<letter_ref letter_id="C"/>
<letter_ref letter_id="C"/>
<letter_ref letter_id="A"/>
<letter_ref letter_id="T"/>
<letter_ref letter_id="A"/>
<letter_ref letter_id="C"/>
<letter_ref letter_id="A"/>
<letter_ref letter_id="T"/>
<letter_ref letter_id="T"/>
<letter_ref letter_id="T"/>
<letter_ref letter_id="A"/>
</site>
<right_flank>TAGTTTTTAA</right_flank>
</contributing_site>
<contributing_site sequence_id="sequence_48" position="109" strand="plus" pvalue="2.34e-07" >
<left_flank>TTTGACTGTA</left_flank>
<site>
<letter_ref letter_id="T"/>
<letter_ref letter_id="T"/>
<letter_ref letter_id="T"/>
<letter_ref letter_id="T"/>
<letter_ref letter_id="C"/>
<letter_ref letter_id="A"/>
<letter_ref letter_id="C"/>
<letter_ref letter_id="C"/>
<letter_ref letter_id="C"/>
<letter_ref letter_id="G"/>
<letter_ref letter_id="T"/>
<letter_ref letter_id="A"/>
<letter_ref letter_id="C"/>
<letter_ref letter_id="A"/>
<letter_ref letter_id="T"/>
<letter_ref letter_id="C"/>
<letter_ref letter_id="C"/>
<letter_ref letter_id="A"/>
</site>
<right_flank>CGGATGTGTT</right_flank>
</contributing_site>
<contributing_site sequence_id="sequence_71" position="313" strand="plus" pvalue="2.65e-07" >
<left_flank>CAAACACATT</left_flank>
<site>
<letter_ref letter_id="A"/>
<letter_ref letter_id="C"/>
<letter_ref letter_id="A"/>
<letter_ref letter_id="A"/>
<letter_ref letter_id="C"/>
<letter_ref letter_id="A"/>
<letter_ref letter_id="T"/>
<letter_ref letter_id="C"/>
<letter_ref letter_id="C"/>
<letter_ref letter_id="G"/>
<letter_ref letter_id="T"/>
<letter_ref letter_id="A"/>
<letter_ref letter_id="C"/>
<letter_ref letter_id="A"/>
<letter_ref letter_id="T"/>
<letter_ref letter_id="T"/>
<letter_ref letter_id="T"/>
<letter_ref letter_id="A"/>
</site>
<right_flank>GTTGGCTCCA</right_flank>
</contributing_site>
<contributing_site sequence_id="sequence_40" position="412" strand="plus" pvalue="2.99e-07" >
<left_flank>GAAAGACGTT</left_flank>
<site>
<letter_ref letter_id="A"/>
<letter_ref letter_id="A"/>
<letter_ref letter_id="T"/>
<letter_ref letter_id="G"/>
<letter_ref letter_id="C"/>
<letter_ref letter_id="A"/>
<letter_ref letter_id="T"/>
<letter_ref letter_id="C"/>
<letter_ref letter_id="C"/>
<letter_ref letter_id="G"/>
<letter_ref letter_id="T"/>
<letter_ref letter_id="A"/>
<letter_ref letter_id="C"/>
<letter_ref letter_id="A"/>
<letter_ref letter_id="C"/>
<letter_ref letter_id="C"/>
<letter_ref letter_id="T"/>
<letter_ref letter_id="A"/>
</site>
<right_flank>CATCTTTACA</right_flank>
</contributing_site>
<contributing_site sequence_id="sequence_56" position="361" strand="plus" pvalue="3.36e-07" >
<left_flank>TACCTGCAAG</left_flank>
<site>
<letter_ref letter_id="T"/>
<letter_ref letter_id="T"/>
<letter_ref letter_id="C"/>
<letter_ref letter_id="A"/>
<letter_ref letter_id="C"/>
<letter_ref letter_id="A"/>
<letter_ref letter_id="C"/>
<letter_ref letter_id="C"/>
<letter_ref letter_id="T"/>
<letter_ref letter_id="G"/>
<letter_ref letter_id="T"/>
<letter_ref letter_id="A"/>
<letter_ref letter_id="C"/>
<letter_ref letter_id="A"/>
<letter_ref letter_id="T"/>
<letter_ref letter_id="T"/>
<letter_ref letter_id="T"/>
<letter_ref letter_id="T"/>
</site>
<right_flank>CTACATCCGT</right_flank>
</contributing_site>
<contributing_site sequence_id="sequence_4" position="513" strand="plus" pvalue="3.36e-07" >
<left_flank>ATTTGCCTGC</left_flank>
<site>
<letter_ref letter_id="T"/>
<letter_ref letter_id="T"/>
<letter_ref letter_id="A"/>
<letter_ref letter_id="A"/>
<letter_ref letter_id="C"/>
<letter_ref letter_id="A"/>
<letter_ref letter_id="T"/>
<letter_ref letter_id="C"/>
<letter_ref letter_id="C"/>
<letter_ref letter_id="G"/>
<letter_ref letter_id="A"/>
<letter_ref letter_id="A"/>
<letter_ref letter_id="C"/>
<letter_ref letter_id="A"/>
<letter_ref letter_id="T"/>
<letter_ref letter_id="T"/>
<letter_ref letter_id="T"/>
<letter_ref letter_id="C"/>
</site>
<right_flank>ACATTTTGAT</right_flank>
</contributing_site>
<contributing_site sequence_id="sequence_75" position="167" strand="plus" pvalue="3.78e-07" >
<left_flank>GGAACTGGCA</left_flank>
<site>
<letter_ref letter_id="A"/>
<letter_ref letter_id="C"/>
<letter_ref letter_id="T"/>
<letter_ref letter_id="A"/>
<letter_ref letter_id="A"/>
<letter_ref letter_id="A"/>
<letter_ref letter_id="T"/>
<letter_ref letter_id="C"/>
<letter_ref letter_id="C"/>
<letter_ref letter_id="G"/>
<letter_ref letter_id="T"/>
<letter_ref letter_id="A"/>
<letter_ref letter_id="C"/>
<letter_ref letter_id="A"/>
<letter_ref letter_id="T"/>
<letter_ref letter_id="T"/>
<letter_ref letter_id="T"/>
<letter_ref letter_id="C"/>
</site>
<right_flank>TGAAATTATT</right_flank>
</contributing_site>
<contributing_site sequence_id="sequence_50" position="382" strand="plus" pvalue="3.78e-07" >
<left_flank>ATATCGGGAC</left_flank>
<site>
<letter_ref letter_id="T"/>
<letter_ref letter_id="G"/>
<letter_ref letter_id="T"/>
<letter_ref letter_id="A"/>
<letter_ref letter_id="C"/>
<letter_ref letter_id="A"/>
<letter_ref letter_id="C"/>
<letter_ref letter_id="C"/>
<letter_ref letter_id="C"/>
<letter_ref letter_id="A"/>
<letter_ref letter_id="C"/>
<letter_ref letter_id="A"/>
<letter_ref letter_id="C"/>
<letter_ref letter_id="A"/>
<letter_ref letter_id="T"/>
<letter_ref letter_id="T"/>
<letter_ref letter_id="T"/>
<letter_ref letter_id="A"/>
</site>
<right_flank>CAAGCCCACA</right_flank>
</contributing_site>
<contributing_site sequence_id="sequence_18" position="152" strand="plus" pvalue="3.78e-07" >
<left_flank>CGAACATCTC</left_flank>
<site>
<letter_ref letter_id="C"/>
<letter_ref letter_id="A"/>
<letter_ref letter_id="A"/>
<letter_ref letter_id="A"/>
<letter_ref letter_id="C"/>
<letter_ref letter_id="A"/>
<letter_ref letter_id="C"/>
<letter_ref letter_id="C"/>
<letter_ref letter_id="C"/>
<letter_ref letter_id="A"/>
<letter_ref letter_id="T"/>
<letter_ref letter_id="A"/>
<letter_ref letter_id="C"/>
<letter_ref letter_id="A"/>
<letter_ref letter_id="T"/>
<letter_ref letter_id="A"/>
<letter_ref letter_id="T"/>
<letter_ref letter_id="T"/>
</site>
<right_flank>TATATTATCG</right_flank>
</contributing_site>
<contributing_site sequence_id="sequence_21" position="496" strand="plus" pvalue="4.26e-07" >
<left_flank>ATCTAGAGAA</left_flank>
<site>
<letter_ref letter_id="A"/>
<letter_ref letter_id="A"/>
<letter_ref letter_id="T"/>
<letter_ref letter_id="G"/>
<letter_ref letter_id="C"/>
<letter_ref letter_id="A"/>
<letter_ref letter_id="T"/>
<letter_ref letter_id="C"/>
<letter_ref letter_id="C"/>
<letter_ref letter_id="G"/>
<letter_ref letter_id="T"/>
<letter_ref letter_id="G"/>
<letter_ref letter_id="C"/>
<letter_ref letter_id="A"/>
<letter_ref letter_id="T"/>
<letter_ref letter_id="T"/>
<letter_ref letter_id="T"/>
<letter_ref letter_id="T"/>
</site>
<right_flank>CATAAACCCA</right_flank>
</contributing_site>
<contributing_site sequence_id="sequence_63" position="233" strand="plus" pvalue="4.78e-07" >
<left_flank>TGTTTACCAT</left_flank>
<site>
<letter_ref letter_id="T"/>
<letter_ref letter_id="G"/>
<letter_ref letter_id="T"/>
<letter_ref letter_id="G"/>
<letter_ref letter_id="C"/>
<letter_ref letter_id="A"/>
<letter_ref letter_id="T"/>
<letter_ref letter_id="C"/>
<letter_ref letter_id="C"/>
<letter_ref letter_id="G"/>
<letter_ref letter_id="T"/>
<letter_ref letter_id="A"/>
<letter_ref letter_id="C"/>
<letter_ref letter_id="A"/>
<letter_ref letter_id="T"/>
<letter_ref letter_id="T"/>
<letter_ref letter_id="T"/>
<letter_ref letter_id="G"/>
</site>
<right_flank>ATTTGTTTAC</right_flank>
</contributing_site>
<contributing_site sequence_id="sequence_27" position="404" strand="plus" pvalue="5.36e-07" >
<left_flank>TCAGTACATA</left_flank>
<site>
<letter_ref letter_id="T"/>
<letter_ref letter_id="T"/>
<letter_ref letter_id="G"/>
<letter_ref letter_id="G"/>
<letter_ref letter_id="C"/>
<letter_ref letter_id="A"/>
<letter_ref letter_id="C"/>
<letter_ref letter_id="C"/>
<letter_ref letter_id="C"/>
<letter_ref letter_id="A"/>
<letter_ref letter_id="T"/>
<letter_ref letter_id="A"/>
<letter_ref letter_id="C"/>
<letter_ref letter_id="A"/>
<letter_ref letter_id="T"/>
<letter_ref letter_id="T"/>
<letter_ref letter_id="A"/>
<letter_ref letter_id="T"/>
</site>
<right_flank>AAAATCATCT</right_flank>
</contributing_site>
<contributing_site sequence_id="sequence_74" position="276" strand="plus" pvalue="7.41e-07" >
<left_flank>TGTGACGTTC</left_flank>
<site>
<letter_ref letter_id="G"/>
<letter_ref letter_id="T"/>
<letter_ref letter_id="T"/>
<letter_ref letter_id="C"/>
<letter_ref letter_id="A"/>
<letter_ref letter_id="A"/>
<letter_ref letter_id="C"/>
<letter_ref letter_id="C"/>
<letter_ref letter_id="C"/>
<letter_ref letter_id="G"/>
<letter_ref letter_id="T"/>
<letter_ref letter_id="A"/>
<letter_ref letter_id="C"/>
<letter_ref letter_id="A"/>
<letter_ref letter_id="T"/>
<letter_ref letter_id="T"/>
<letter_ref letter_id="T"/>
<letter_ref letter_id="A"/>
</site>
<right_flank>TATAAAACCG</right_flank>
</contributing_site>
<contributing_site sequence_id="sequence_34" position="270" strand="plus" pvalue="8.23e-07" >
<left_flank>CACGACGGTT</left_flank>
<site>
<letter_ref letter_id="A"/>
<letter_ref letter_id="C"/>
<letter_ref letter_id="C"/>
<letter_ref letter_id="A"/>
<letter_ref letter_id="C"/>
<letter_ref letter_id="A"/>
<letter_ref letter_id="C"/>
<letter_ref letter_id="C"/>
<letter_ref letter_id="C"/>
<letter_ref letter_id="G"/>
<letter_ref letter_id="T"/>
<letter_ref letter_id="A"/>
<letter_ref letter_id="C"/>
<letter_ref letter_id="A"/>
<letter_ref letter_id="C"/>
<letter_ref letter_id="C"/>
<letter_ref letter_id="C"/>
<letter_ref letter_id="T"/>
</site>
<right_flank>TATCTCATTT</right_flank>
</contributing_site>
<contributing_site sequence_id="sequence_66" position="911" strand="plus" pvalue="9.14e-07" >
<left_flank>TCCATCCCAA</left_flank>
<site>
<letter_ref letter_id="T"/>
<letter_ref letter_id="G"/>
<letter_ref letter_id="A"/>
<letter_ref letter_id="A"/>
<letter_ref letter_id="G"/>
<letter_ref letter_id="A"/>
<letter_ref letter_id="T"/>
<letter_ref letter_id="C"/>
<letter_ref letter_id="C"/>
<letter_ref letter_id="G"/>
<letter_ref letter_id="T"/>
<letter_ref letter_id="A"/>
<letter_ref letter_id="C"/>
<letter_ref letter_id="A"/>
<letter_ref letter_id="T"/>
<letter_ref letter_id="C"/>
<letter_ref letter_id="T"/>
<letter_ref letter_id="T"/>
</site>
<right_flank>AGACACCCTT</right_flank>
</contributing_site>
<contributing_site sequence_id="sequence_2" position="121" strand="plus" pvalue="9.14e-07" >
<left_flank>CCATACCCTA</left_flank>
<site>
<letter_ref letter_id="T"/>
<letter_ref letter_id="A"/>
<letter_ref letter_id="T"/>
<letter_ref letter_id="A"/>
<letter_ref letter_id="C"/>
<letter_ref letter_id="A"/>
<letter_ref letter_id="C"/>
<letter_ref letter_id="C"/>
<letter_ref letter_id="C"/>
<letter_ref letter_id="A"/>
<letter_ref letter_id="T"/>
<letter_ref letter_id="A"/>
<letter_ref letter_id="C"/>
<letter_ref letter_id="C"/>
<letter_ref letter_id="C"/>
<letter_ref letter_id="T"/>
<letter_ref letter_id="A"/>
<letter_ref letter_id="T"/>
</site>
<right_flank>TTTTAAATAT</right_flank>
</contributing_site>
<contributing_site sequence_id="sequence_78" position="863" strand="plus" pvalue="1.01e-06" >
<left_flank>CATACATCCT</left_flank>
<site>
<letter_ref letter_id="T"/>
<letter_ref letter_id="T"/>
<letter_ref letter_id="T"/>
<letter_ref letter_id="T"/>
<letter_ref letter_id="A"/>
<letter_ref letter_id="A"/>
<letter_ref letter_id="C"/>
<letter_ref letter_id="C"/>
<letter_ref letter_id="C"/>
<letter_ref letter_id="A"/>
<letter_ref letter_id="T"/>
<letter_ref letter_id="A"/>
<letter_ref letter_id="C"/>
<letter_ref letter_id="A"/>
<letter_ref letter_id="T"/>
<letter_ref letter_id="A"/>
<letter_ref letter_id="T"/>
<letter_ref letter_id="C"/>
</site>
<right_flank>ATTTAGATTA</right_flank>
</contributing_site>
<contributing_site sequence_id="sequence_7" position="618" strand="plus" pvalue="1.24e-06" >
<left_flank>TAAAAAAGGC</left_flank>
<site>
<letter_ref letter_id="T"/>
<letter_ref letter_id="G"/>
<letter_ref letter_id="C"/>
<letter_ref letter_id="A"/>
<letter_ref letter_id="C"/>
<letter_ref letter_id="A"/>
<letter_ref letter_id="C"/>
<letter_ref letter_id="C"/>
<letter_ref letter_id="C"/>
<letter_ref letter_id="A"/>
<letter_ref letter_id="T"/>
<letter_ref letter_id="G"/>
<letter_ref letter_id="C"/>
<letter_ref letter_id="A"/>
<letter_ref letter_id="T"/>
<letter_ref letter_id="C"/>
<letter_ref letter_id="A"/>
<letter_ref letter_id="T"/>
</site>
<right_flank>TCTAAAAAAA</right_flank>
</contributing_site>
<contributing_site sequence_id="sequence_46" position="127" strand="plus" pvalue="1.65e-06" >
<left_flank>AGCCCATACA</left_flank>
<site>
<letter_ref letter_id="T"/>
<letter_ref letter_id="T"/>
<letter_ref letter_id="T"/>
<letter_ref letter_id="T"/>
<letter_ref letter_id="C"/>
<letter_ref letter_id="A"/>
<letter_ref letter_id="C"/>
<letter_ref letter_id="C"/>
<letter_ref letter_id="C"/>
<letter_ref letter_id="A"/>
<letter_ref letter_id="T"/>
<letter_ref letter_id="G"/>
<letter_ref letter_id="C"/>
<letter_ref letter_id="A"/>
<letter_ref letter_id="C"/>
<letter_ref letter_id="C"/>
<letter_ref letter_id="A"/>
<letter_ref letter_id="T"/>
</site>
<right_flank>TGGATTATAA</right_flank>
</contributing_site>
<contributing_site sequence_id="sequence_41" position="267" strand="plus" pvalue="1.65e-06" >
<left_flank>ATATTCAGAA</left_flank>
<site>
<letter_ref letter_id="A"/>
<letter_ref letter_id="A"/>
<letter_ref letter_id="A"/>
<letter_ref letter_id="A"/>
<letter_ref letter_id="C"/>
<letter_ref letter_id="A"/>
<letter_ref letter_id="C"/>
<letter_ref letter_id="C"/>
<letter_ref letter_id="C"/>
<letter_ref letter_id="A"/>
<letter_ref letter_id="T"/>
<letter_ref letter_id="A"/>
<letter_ref letter_id="C"/>
<letter_ref letter_id="A"/>
<letter_ref letter_id="T"/>
<letter_ref letter_id="G"/>
<letter_ref letter_id="T"/>
<letter_ref letter_id="T"/>
</site>
<right_flank>GAAAAATAAT</right_flank>
</contributing_site>
<contributing_site sequence_id="sequence_52" position="215" strand="plus" pvalue="1.99e-06" >
<left_flank>ACCCAATCAT</left_flank>
<site>
<letter_ref letter_id="T"/>
<letter_ref letter_id="T"/>
<letter_ref letter_id="T"/>
<letter_ref letter_id="C"/>
<letter_ref letter_id="C"/>
<letter_ref letter_id="A"/>
<letter_ref letter_id="C"/>
<letter_ref letter_id="C"/>
<letter_ref letter_id="C"/>
<letter_ref letter_id="A"/>
<letter_ref letter_id="C"/>
<letter_ref letter_id="A"/>
<letter_ref letter_id="C"/>
<letter_ref letter_id="A"/>
<letter_ref letter_id="T"/>
<letter_ref letter_id="A"/>
<letter_ref letter_id="T"/>
<letter_ref letter_id="A"/>
</site>
<right_flank>TTACCCTTTT</right_flank>
</contributing_site>
<contributing_site sequence_id="sequence_36" position="264" strand="plus" pvalue="1.99e-06" >
<left_flank>TCAAATTTTC</left_flank>
<site>
<letter_ref letter_id="A"/>
<letter_ref letter_id="A"/>
<letter_ref letter_id="A"/>
<letter_ref letter_id="G"/>
<letter_ref letter_id="A"/>
<letter_ref letter_id="A"/>
<letter_ref letter_id="T"/>
<letter_ref letter_id="C"/>
<letter_ref letter_id="C"/>
<letter_ref letter_id="G"/>
<letter_ref letter_id="T"/>
<letter_ref letter_id="A"/>
<letter_ref letter_id="C"/>
<letter_ref letter_id="A"/>
<letter_ref letter_id="T"/>
<letter_ref letter_id="T"/>
<letter_ref letter_id="T"/>
<letter_ref letter_id="A"/>
</site>
<right_flank>GAAATTTTTT</right_flank>
</contributing_site>
<contributing_site sequence_id="sequence_32" position="680" strand="plus" pvalue="1.99e-06" >
<left_flank>CGTCATTCAT</left_flank>
<site>
<letter_ref letter_id="T"/>
<letter_ref letter_id="T"/>
<letter_ref letter_id="C"/>
<letter_ref letter_id="A"/>
<letter_ref letter_id="A"/>
<letter_ref letter_id="A"/>
<letter_ref letter_id="C"/>
<letter_ref letter_id="C"/>
<letter_ref letter_id="C"/>
<letter_ref letter_id="A"/>
<letter_ref letter_id="T"/>
<letter_ref letter_id="A"/>
<letter_ref letter_id="C"/>
<letter_ref letter_id="A"/>
<letter_ref letter_id="C"/>
<letter_ref letter_id="A"/>
<letter_ref letter_id="A"/>
<letter_ref letter_id="T"/>
</site>
<right_flank>GAACCTTATC</right_flank>
</contributing_site>
<contributing_site sequence_id="sequence_19" position="201" strand="plus" pvalue="1.99e-06" >
<left_flank>TTTTCATACC</left_flank>
<site>
<letter_ref letter_id="T"/>
<letter_ref letter_id="T"/>
<letter_ref letter_id="T"/>
<letter_ref letter_id="A"/>
<letter_ref letter_id="C"/>
<letter_ref letter_id="C"/>
<letter_ref letter_id="T"/>
<letter_ref letter_id="C"/>
<letter_ref letter_id="C"/>
<letter_ref letter_id="G"/>
<letter_ref letter_id="T"/>
<letter_ref letter_id="A"/>
<letter_ref letter_id="C"/>
<letter_ref letter_id="A"/>
<letter_ref letter_id="C"/>
<letter_ref letter_id="C"/>
<letter_ref letter_id="A"/>
<letter_ref letter_id="A"/>
</site>
<right_flank>TCTTTATTTT</right_flank>
</contributing_site>
<contributing_site sequence_id="sequence_76" position="106" strand="plus" pvalue="2.39e-06" >
<left_flank>TTGACATATA</left_flank>
<site>
<letter_ref letter_id="C"/>
<letter_ref letter_id="A"/>
<letter_ref letter_id="A"/>
<letter_ref letter_id="A"/>
<letter_ref letter_id="C"/>
<letter_ref letter_id="A"/>
<letter_ref letter_id="T"/>
<letter_ref letter_id="C"/>
<letter_ref letter_id="C"/>
<letter_ref letter_id="G"/>
<letter_ref letter_id="C"/>
<letter_ref letter_id="A"/>
<letter_ref letter_id="C"/>
<letter_ref letter_id="A"/>
<letter_ref letter_id="T"/>
<letter_ref letter_id="T"/>
<letter_ref letter_id="T"/>
<letter_ref letter_id="T"/>
</site>
<right_flank>ATAGCTTTCT</right_flank>
</contributing_site>
<contributing_site sequence_id="sequence_70" position="918" strand="plus" pvalue="2.39e-06" >
<left_flank>TTTTGTTTCC</left_flank>
<site>
<letter_ref letter_id="G"/>
<letter_ref letter_id="T"/>
<letter_ref letter_id="A"/>
<letter_ref letter_id="A"/>
<letter_ref letter_id="C"/>
<letter_ref letter_id="A"/>
<letter_ref letter_id="T"/>
<letter_ref letter_id="C"/>
<letter_ref letter_id="C"/>
<letter_ref letter_id="A"/>
<letter_ref letter_id="T"/>
<letter_ref letter_id="A"/>
<letter_ref letter_id="C"/>
<letter_ref letter_id="C"/>
<letter_ref letter_id="T"/>
<letter_ref letter_id="T"/>
<letter_ref letter_id="T"/>
<letter_ref letter_id="C"/>
</site>
<right_flank>CTGTATAATA</right_flank>
</contributing_site>
<contributing_site sequence_id="sequence_62" position="107" strand="plus" pvalue="2.39e-06" >
<left_flank>TATTATGAAG</left_flank>
<site>
<letter_ref letter_id="A"/>
<letter_ref letter_id="A"/>
<letter_ref letter_id="A"/>
<letter_ref letter_id="A"/>
<letter_ref letter_id="C"/>
<letter_ref letter_id="A"/>
<letter_ref letter_id="C"/>
<letter_ref letter_id="C"/>
<letter_ref letter_id="C"/>
<letter_ref letter_id="A"/>
<letter_ref letter_id="A"/>
<letter_ref letter_id="A"/>
<letter_ref letter_id="C"/>
<letter_ref letter_id="A"/>
<letter_ref letter_id="T"/>
<letter_ref letter_id="A"/>
<letter_ref letter_id="T"/>
<letter_ref letter_id="C"/>
</site>
<right_flank>TAGGCCATCA</right_flank>
</contributing_site>
<contributing_site sequence_id="sequence_10" position="289" strand="plus" pvalue="2.39e-06" >
<left_flank>TCCTTGACAT</left_flank>
<site>
<letter_ref letter_id="A"/>
<letter_ref letter_id="T"/>
<letter_ref letter_id="T"/>
<letter_ref letter_id="C"/>
<letter_ref letter_id="A"/>
<letter_ref letter_id="A"/>
<letter_ref letter_id="T"/>
<letter_ref letter_id="C"/>
<letter_ref letter_id="C"/>
<letter_ref letter_id="G"/>
<letter_ref letter_id="T"/>
<letter_ref letter_id="A"/>
<letter_ref letter_id="C"/>
<letter_ref letter_id="A"/>
<letter_ref letter_id="C"/>
<letter_ref letter_id="T"/>
<letter_ref letter_id="A"/>
<letter_ref letter_id="T"/>
</site>
<right_flank>ACACACCCAA</right_flank>
</contributing_site>
<contributing_site sequence_id="sequence_0" position="431" strand="plus" pvalue="2.39e-06" >
<left_flank>TACATTTCCT</left_flank>
<site>
<letter_ref letter_id="G"/>
<letter_ref letter_id="T"/>
<letter_ref letter_id="T"/>
<letter_ref letter_id="A"/>
<letter_ref letter_id="C"/>
<letter_ref letter_id="A"/>
<letter_ref letter_id="T"/>
<letter_ref letter_id="C"/>
<letter_ref letter_id="C"/>
<letter_ref letter_id="T"/>
<letter_ref letter_id="T"/>
<letter_ref letter_id="A"/>
<letter_ref letter_id="C"/>
<letter_ref letter_id="A"/>
<letter_ref letter_id="T"/>
<letter_ref letter_id="A"/>
<letter_ref letter_id="T"/>
<letter_ref letter_id="A"/>
</site>
<right_flank>TGCAGGCAAT</right_flank>
</contributing_site>
<contributing_site sequence_id="sequence_53" position="202" strand="plus" pvalue="2.61e-06" >
<left_flank>TTTTTGATCA</left_flank>
<site>
<letter_ref letter_id="A"/>
<letter_ref letter_id="C"/>
<letter_ref letter_id="T"/>
<letter_ref letter_id="A"/>
<letter_ref letter_id="C"/>
<letter_ref letter_id="A"/>
<letter_ref letter_id="T"/>
<letter_ref letter_id="C"/>
<letter_ref letter_id="T"/>
<letter_ref letter_id="G"/>
<letter_ref letter_id="T"/>
<letter_ref letter_id="A"/>
<letter_ref letter_id="C"/>
<letter_ref letter_id="A"/>
<letter_ref letter_id="T"/>
<letter_ref letter_id="A"/>
<letter_ref letter_id="T"/>
<letter_ref letter_id="T"/>
</site>
<right_flank>TTATTCCTTT</right_flank>
</contributing_site>
<contributing_site sequence_id="sequence_26" position="730" strand="plus" pvalue="2.61e-06" >
<left_flank>TATTTATTTT</left_flank>
<site>
<letter_ref letter_id="T"/>
<letter_ref letter_id="A"/>
<letter_ref letter_id="A"/>
<letter_ref letter_id="A"/>
<letter_ref letter_id="C"/>
<letter_ref letter_id="A"/>
<letter_ref letter_id="G"/>
<letter_ref letter_id="C"/>
<letter_ref letter_id="C"/>
<letter_ref letter_id="G"/>
<letter_ref letter_id="T"/>
<letter_ref letter_id="A"/>
<letter_ref letter_id="C"/>
<letter_ref letter_id="A"/>
<letter_ref letter_id="T"/>
<letter_ref letter_id="T"/>
<letter_ref letter_id="C"/>
<letter_ref letter_id="T"/>
</site>
<right_flank>GTAATTTTGC</right_flank>
</contributing_site>
<contributing_site sequence_id="sequence_43" position="113" strand="plus" pvalue="3.11e-06" >
<left_flank>TCAGACTACA</left_flank>
<site>
<letter_ref letter_id="T"/>
<letter_ref letter_id="T"/>
<letter_ref letter_id="A"/>
<letter_ref letter_id="A"/>
<letter_ref letter_id="C"/>
<letter_ref letter_id="A"/>
<letter_ref letter_id="T"/>
<letter_ref letter_id="C"/>
<letter_ref letter_id="T"/>
<letter_ref letter_id="G"/>
<letter_ref letter_id="T"/>
<letter_ref letter_id="A"/>
<letter_ref letter_id="C"/>
<letter_ref letter_id="A"/>
<letter_ref letter_id="C"/>
<letter_ref letter_id="C"/>
<letter_ref letter_id="C"/>
<letter_ref letter_id="C"/>
</site>
<right_flank>CAACTGCTTT</right_flank>
</contributing_site>
<contributing_site sequence_id="sequence_65" position="240" strand="plus" pvalue="3.68e-06" >
<left_flank>CCAAACATAA</left_flank>
<site>
<letter_ref letter_id="A"/>
<letter_ref letter_id="A"/>
<letter_ref letter_id="T"/>
<letter_ref letter_id="A"/>
<letter_ref letter_id="C"/>
<letter_ref letter_id="C"/>
<letter_ref letter_id="C"/>
<letter_ref letter_id="C"/>
<letter_ref letter_id="C"/>
<letter_ref letter_id="A"/>
<letter_ref letter_id="T"/>
<letter_ref letter_id="A"/>
<letter_ref letter_id="C"/>
<letter_ref letter_id="A"/>
<letter_ref letter_id="T"/>
<letter_ref letter_id="C"/>
<letter_ref letter_id="C"/>
<letter_ref letter_id="A"/>
</site>
<right_flank>GAATAGCGTT</right_flank>
</contributing_site>
<contributing_site sequence_id="sequence_16" position="161" strand="plus" pvalue="3.68e-06" >
<left_flank>ATATTTCCTT</left_flank>
<site>
<letter_ref letter_id="G"/>
<letter_ref letter_id="C"/>
<letter_ref letter_id="T"/>
<letter_ref letter_id="G"/>
<letter_ref letter_id="C"/>
<letter_ref letter_id="A"/>
<letter_ref letter_id="C"/>
<letter_ref letter_id="C"/>
<letter_ref letter_id="C"/>
<letter_ref letter_id="A"/>
<letter_ref letter_id="T"/>
<letter_ref letter_id="A"/>
<letter_ref letter_id="C"/>
<letter_ref letter_id="A"/>
<letter_ref letter_id="A"/>
<letter_ref letter_id="T"/>
<letter_ref letter_id="T"/>
<letter_ref letter_id="C"/>
</site>
<right_flank>TAAACCCAAA</right_flank>
</contributing_site>
<contributing_site sequence_id="sequence_3" position="496" strand="plus" pvalue="3.68e-06" >
<left_flank>CTGTATTAAT</left_flank>
<site>
<letter_ref letter_id="C"/>
<letter_ref letter_id="T"/>
<letter_ref letter_id="C"/>
<letter_ref letter_id="A"/>
<letter_ref letter_id="G"/>
<letter_ref letter_id="A"/>
<letter_ref letter_id="C"/>
<letter_ref letter_id="C"/>
<letter_ref letter_id="C"/>
<letter_ref letter_id="A"/>
<letter_ref letter_id="T"/>
<letter_ref letter_id="A"/>
<letter_ref letter_id="C"/>
<letter_ref letter_id="A"/>
<letter_ref letter_id="T"/>
<letter_ref letter_id="A"/>
<letter_ref letter_id="T"/>
<letter_ref letter_id="C"/>
</site>
<right_flank>TACACCCATA</right_flank>
</contributing_site>
<contributing_site sequence_id="sequence_23" position="106" strand="plus" pvalue="4.01e-06" >
<left_flank>TAAACCATAA</left_flank>
<site>
<letter_ref letter_id="A"/>
<letter_ref letter_id="G"/>
<letter_ref letter_id="T"/>
<letter_ref letter_id="A"/>
<letter_ref letter_id="G"/>
<letter_ref letter_id="A"/>
<letter_ref letter_id="C"/>
<letter_ref letter_id="C"/>
<letter_ref letter_id="C"/>
<letter_ref letter_id="A"/>
<letter_ref letter_id="A"/>
<letter_ref letter_id="A"/>
<letter_ref letter_id="C"/>
<letter_ref letter_id="A"/>
<letter_ref letter_id="T"/>
<letter_ref letter_id="T"/>
<letter_ref letter_id="T"/>
<letter_ref letter_id="T"/>
</site>
<right_flank>TAAAAAAATT</right_flank>
</contributing_site>
<contributing_site sequence_id="sequence_57" position="408" strand="plus" pvalue="4.71e-06" >
<left_flank>ATCCGTACAA</left_flank>
<site>
<letter_ref letter_id="C"/>
<letter_ref letter_id="G"/>
<letter_ref letter_id="A"/>
<letter_ref letter_id="G"/>
<letter_ref letter_id="A"/>
<letter_ref letter_id="A"/>
<letter_ref letter_id="C"/>
<letter_ref letter_id="C"/>
<letter_ref letter_id="C"/>
<letter_ref letter_id="A"/>
<letter_ref letter_id="T"/>
<letter_ref letter_id="A"/>
<letter_ref letter_id="C"/>
<letter_ref letter_id="A"/>
<letter_ref letter_id="T"/>
<letter_ref letter_id="T"/>
<letter_ref letter_id="A"/>
<letter_ref letter_id="C"/>
</site>
<right_flank>TTTTTTTAAT</right_flank>
</contributing_site>
<contributing_site sequence_id="sequence_49" position="579" strand="plus" pvalue="4.71e-06" >
<left_flank>CATTGCATTT</left_flank>
<site>
<letter_ref letter_id="T"/>
<letter_ref letter_id="T"/>
<letter_ref letter_id="A"/>
<letter_ref letter_id="C"/>
<letter_ref letter_id="C"/>
<letter_ref letter_id="A"/>
<letter_ref letter_id="C"/>
<letter_ref letter_id="C"/>
<letter_ref letter_id="G"/>
<letter_ref letter_id="G"/>
<letter_ref letter_id="T"/>
<letter_ref letter_id="A"/>
<letter_ref letter_id="C"/>
<letter_ref letter_id="A"/>
<letter_ref letter_id="T"/>
<letter_ref letter_id="T"/>
<letter_ref letter_id="T"/>
<letter_ref letter_id="A"/>
</site>
<right_flank>ACTGCTATTT</right_flank>
</contributing_site>
<contributing_site sequence_id="sequence_9" position="776" strand="plus" pvalue="5.52e-06" >
<left_flank>TTAAATACTA</left_flank>
<site>
<letter_ref letter_id="T"/>
<letter_ref letter_id="T"/>
<letter_ref letter_id="T"/>
<letter_ref letter_id="C"/>
<letter_ref letter_id="C"/>
<letter_ref letter_id="A"/>
<letter_ref letter_id="T"/>
<letter_ref letter_id="C"/>
<letter_ref letter_id="C"/>
<letter_ref letter_id="G"/>
<letter_ref letter_id="T"/>
<letter_ref letter_id="G"/>
<letter_ref letter_id="C"/>
<letter_ref letter_id="C"/>
<letter_ref letter_id="T"/>
<letter_ref letter_id="C"/>
<letter_ref letter_id="T"/>
<letter_ref letter_id="A"/>
</site>
<right_flank>ATAGATTTGT</right_flank>
</contributing_site>
<contributing_site sequence_id="sequence_61" position="216" strand="plus" pvalue="5.97e-06" >
<left_flank>TATTCATTTA</left_flank>
<site>
<letter_ref letter_id="T"/>
<letter_ref letter_id="T"/>
<letter_ref letter_id="T"/>
<letter_ref letter_id="C"/>
<letter_ref letter_id="A"/>
<letter_ref letter_id="A"/>
<letter_ref letter_id="C"/>
<letter_ref letter_id="C"/>
<letter_ref letter_id="C"/>
<letter_ref letter_id="G"/>
<letter_ref letter_id="T"/>
<letter_ref letter_id="G"/>
<letter_ref letter_id="C"/>
<letter_ref letter_id="A"/>
<letter_ref letter_id="C"/>
<letter_ref letter_id="A"/>
<letter_ref letter_id="C"/>
<letter_ref letter_id="T"/>
</site>
<right_flank>GGAAATAAAT</right_flank>
</contributing_site>
<contributing_site sequence_id="sequence_39" position="185" strand="plus" pvalue="6.97e-06" >
<left_flank>TGACGGCCTG</left_flank>
<site>
<letter_ref letter_id="T"/>
<letter_ref letter_id="A"/>
<letter_ref letter_id="T"/>
<letter_ref letter_id="A"/>
<letter_ref letter_id="A"/>
<letter_ref letter_id="A"/>
<letter_ref letter_id="C"/>
<letter_ref letter_id="C"/>
<letter_ref letter_id="C"/>
<letter_ref letter_id="A"/>
<letter_ref letter_id="T"/>
<letter_ref letter_id="A"/>
<letter_ref letter_id="C"/>
<letter_ref letter_id="A"/>
<letter_ref letter_id="A"/>
<letter_ref letter_id="T"/>
<letter_ref letter_id="C"/>
<letter_ref letter_id="A"/>
</site>
<right_flank>GCCCATACAT</right_flank>
</contributing_site>
<contributing_site sequence_id="sequence_20" position="164" strand="plus" pvalue="7.51e-06" >
<left_flank>AACACATCAT</left_flank>
<site>
<letter_ref letter_id="T"/>
<letter_ref letter_id="G"/>
<letter_ref letter_id="T"/>
<letter_ref letter_id="A"/>
<letter_ref letter_id="C"/>
<letter_ref letter_id="A"/>
<letter_ref letter_id="T"/>
<letter_ref letter_id="C"/>
<letter_ref letter_id="C"/>
<letter_ref letter_id="T"/>
<letter_ref letter_id="T"/>
<letter_ref letter_id="G"/>
<letter_ref letter_id="C"/>
<letter_ref letter_id="A"/>
<letter_ref letter_id="C"/>
<letter_ref letter_id="C"/>
<letter_ref letter_id="A"/>
<letter_ref letter_id="C"/>
</site>
<right_flank>ACTGAAAAGA</right_flank>
</contributing_site>
<contributing_site sequence_id="sequence_25" position="498" strand="plus" pvalue="9.36e-06" >
<left_flank>TAAAGACAAA</left_flank>
<site>
<letter_ref letter_id="A"/>
<letter_ref letter_id="T"/>
<letter_ref letter_id="A"/>
<letter_ref letter_id="T"/>
<letter_ref letter_id="C"/>
<letter_ref letter_id="A"/>
<letter_ref letter_id="C"/>
<letter_ref letter_id="C"/>
<letter_ref letter_id="C"/>
<letter_ref letter_id="A"/>
<letter_ref letter_id="T"/>
<letter_ref letter_id="G"/>
<letter_ref letter_id="C"/>
<letter_ref letter_id="A"/>
<letter_ref letter_id="C"/>
<letter_ref letter_id="C"/>
<letter_ref letter_id="A"/>
<letter_ref letter_id="A"/>
</site>
<right_flank>AATGTATGGG</right_flank>
</contributing_site>
<contributing_site sequence_id="sequence_8" position="156" strand="plus" pvalue="1.33e-05" >
<left_flank>CACGGAAACG</left_flank>
<site>
<letter_ref letter_id="T"/>
<letter_ref letter_id="T"/>
<letter_ref letter_id="G"/>
<letter_ref letter_id="A"/>
<letter_ref letter_id="A"/>
<letter_ref letter_id="A"/>
<letter_ref letter_id="C"/>
<letter_ref letter_id="C"/>
<letter_ref letter_id="C"/>
<letter_ref letter_id="A"/>
<letter_ref letter_id="A"/>
<letter_ref letter_id="A"/>
<letter_ref letter_id="C"/>
<letter_ref letter_id="A"/>
<letter_ref letter_id="T"/>
<letter_ref letter_id="T"/>
<letter_ref letter_id="A"/>
<letter_ref letter_id="A"/>
</site>
<right_flank>TATATTTTAT</right_flank>
</contributing_site>
<contributing_site sequence_id="sequence_42" position="131" strand="plus" pvalue="1.62e-05" >
<left_flank>CAATTTTTTC</left_flank>
<site>
<letter_ref letter_id="C"/>
<letter_ref letter_id="C"/>
<letter_ref letter_id="T"/>
<letter_ref letter_id="A"/>
<letter_ref letter_id="C"/>
<letter_ref letter_id="A"/>
<letter_ref letter_id="T"/>
<letter_ref letter_id="C"/>
<letter_ref letter_id="C"/>
<letter_ref letter_id="A"/>
<letter_ref letter_id="A"/>
<letter_ref letter_id="G"/>
<letter_ref letter_id="C"/>
<letter_ref letter_id="A"/>
<letter_ref letter_id="T"/>
<letter_ref letter_id="T"/>
<letter_ref letter_id="C"/>
<letter_ref letter_id="T"/>
</site>
<right_flank>GGGTTTGTAT</right_flank>
</contributing_site>
<contributing_site sequence_id="sequence_67" position="13" strand="plus" pvalue="1.73e-05" >
<left_flank>TTCAACTTAT</left_flank>
<site>
<letter_ref letter_id="A"/>
<letter_ref letter_id="T"/>
<letter_ref letter_id="A"/>
<letter_ref letter_id="G"/>
<letter_ref letter_id="C"/>
<letter_ref letter_id="A"/>
<letter_ref letter_id="C"/>
<letter_ref letter_id="C"/>
<letter_ref letter_id="T"/>
<letter_ref letter_id="T"/>
<letter_ref letter_id="T"/>
<letter_ref letter_id="A"/>
<letter_ref letter_id="C"/>
<letter_ref letter_id="A"/>
<letter_ref letter_id="T"/>
<letter_ref letter_id="A"/>
<letter_ref letter_id="T"/>
<letter_ref letter_id="C"/>
</site>
<right_flank>TTTAATTTTT</right_flank>
</contributing_site>
<contributing_site sequence_id="sequence_30" position="506" strand="plus" pvalue="2.10e-05" >
<left_flank>GTGTATTTAA</left_flank>
<site>
<letter_ref letter_id="G"/>
<letter_ref letter_id="C"/>
<letter_ref letter_id="T"/>
<letter_ref letter_id="A"/>
<letter_ref letter_id="G"/>
<letter_ref letter_id="A"/>
<letter_ref letter_id="C"/>
<letter_ref letter_id="C"/>
<letter_ref letter_id="C"/>
<letter_ref letter_id="A"/>
<letter_ref letter_id="T"/>
<letter_ref letter_id="A"/>
<letter_ref letter_id="C"/>
<letter_ref letter_id="A"/>
<letter_ref letter_id="C"/>
<letter_ref letter_id="C"/>
<letter_ref letter_id="C"/>
<letter_ref letter_id="G"/>
</site>
<right_flank>CTCTATGGGA</right_flank>
</contributing_site>
<contributing_site sequence_id="sequence_51" position="100" strand="plus" pvalue="4.00e-05" >
<left_flank>CTAAAGCATA</left_flank>
<site>
<letter_ref letter_id="T"/>
<letter_ref letter_id="A"/>
<letter_ref letter_id="T"/>
<letter_ref letter_id="A"/>
<letter_ref letter_id="C"/>
<letter_ref letter_id="A"/>
<letter_ref letter_id="T"/>
<letter_ref letter_id="A"/>
<letter_ref letter_id="T"/>
<letter_ref letter_id="A"/>
<letter_ref letter_id="T"/>
<letter_ref letter_id="A"/>
<letter_ref letter_id="C"/>
<letter_ref letter_id="A"/>
<letter_ref letter_id="T"/>
<letter_ref letter_id="A"/>
<letter_ref letter_id="T"/>
<letter_ref letter_id="T"/>
</site>
<right_flank>TAGCGTCATG</right_flank>
</contributing_site>
</contributing_sites>
</motif>
</motifs>
<scanned_sites_summary p_thresh="0.0001">
<scanned_sites sequence_id="sequence_0" pvalue="1.48e-03" num_sites="3"><scanned_site motif_id="motif_1" strand="plus" position="72" pvalue="8.17e-05"/>
<scanned_site motif_id="motif_1" strand="plus" position="411" pvalue="1.16e-05"/>
<scanned_site motif_id="motif_1" strand="plus" position="431" pvalue="2.39e-06"/>
</scanned_sites>
<scanned_sites sequence_id="sequence_1" pvalue="1.02e-04" num_sites="1"><scanned_site motif_id="motif_1" strand="plus" position="389" pvalue="1.38e-07"/>
</scanned_sites>
<scanned_sites sequence_id="sequence_2" pvalue="4.36e-04" num_sites="1"><scanned_site motif_id="motif_1" strand="plus" position="121" pvalue="9.14e-07"/>
</scanned_sites>
<scanned_sites sequence_id="sequence_3" pvalue="2.86e-03" num_sites="1"><scanned_site motif_id="motif_1" strand="plus" position="496" pvalue="3.68e-06"/>
</scanned_sites>
<scanned_sites sequence_id="sequence_4" pvalue="2.56e-04" num_sites="1"><scanned_site motif_id="motif_1" strand="plus" position="513" pvalue="3.36e-07"/>
</scanned_sites>
<scanned_sites sequence_id="sequence_5" pvalue="1.22e-04" num_sites="1"><scanned_site motif_id="motif_1" strand="plus" position="757" pvalue="1.05e-07"/>
</scanned_sites>
<scanned_sites sequence_id="sequence_6" pvalue="6.65e-06" num_sites="2"><scanned_site motif_id="motif_1" strand="plus" position="183" pvalue="1.19e-08"/>
<scanned_site motif_id="motif_1" strand="plus" position="201" pvalue="2.19e-06"/>
</scanned_sites>
<scanned_sites sequence_id="sequence_7" pvalue="1.05e-03" num_sites="1"><scanned_site motif_id="motif_1" strand="plus" position="618" pvalue="1.24e-06"/>
</scanned_sites>
<scanned_sites sequence_id="sequence_8" pvalue="5.16e-03" num_sites="1"><scanned_site motif_id="motif_1" strand="plus" position="156" pvalue="1.33e-05"/>
</scanned_sites>
<scanned_sites sequence_id="sequence_9" pvalue="5.71e-03" num_sites="1"><scanned_site motif_id="motif_1" strand="plus" position="776" pvalue="5.52e-06"/>
</scanned_sites>
<scanned_sites sequence_id="sequence_10" pvalue="1.63e-03" num_sites="1"><scanned_site motif_id="motif_1" strand="plus" position="289" pvalue="2.39e-06"/>
</scanned_sites>
<scanned_sites sequence_id="sequence_11" pvalue="1.70e-05" num_sites="2"><scanned_site motif_id="motif_1" strand="plus" position="377" pvalue="2.16e-08"/>
<scanned_site motif_id="motif_1" strand="plus" position="398" pvalue="2.39e-06"/>
</scanned_sites>
<scanned_sites sequence_id="sequence_12" pvalue="8.74e-01" num_sites="0"></scanned_sites>
<scanned_sites sequence_id="sequence_13" pvalue="3.63e-05" num_sites="1"><scanned_site motif_id="motif_1" strand="plus" position="283" pvalue="5.79e-08"/>
</scanned_sites>
<scanned_sites sequence_id="sequence_14" pvalue="1.10e-04" num_sites="1"><scanned_site motif_id="motif_1" strand="plus" position="387" pvalue="1.58e-07"/>
</scanned_sites>
<scanned_sites sequence_id="sequence_15" pvalue="4.26e-01" num_sites="0"></scanned_sites>
<scanned_sites sequence_id="sequence_16" pvalue="1.67e-03" num_sites="1"><scanned_site motif_id="motif_1" strand="plus" position="161" pvalue="3.68e-06"/>
</scanned_sites>
<scanned_sites sequence_id="sequence_17" pvalue="2.95e-05" num_sites="1"><scanned_site motif_id="motif_1" strand="plus" position="177" pvalue="6.81e-08"/>
</scanned_sites>
<scanned_sites sequence_id="sequence_18" pvalue="1.70e-04" num_sites="2"><scanned_site motif_id="motif_1" strand="plus" position="134" pvalue="1.50e-06"/>
<scanned_site motif_id="motif_1" strand="plus" position="152" pvalue="3.78e-07"/>
</scanned_sites>
<scanned_sites sequence_id="sequence_19" pvalue="1.22e-03" num_sites="2"><scanned_site motif_id="motif_1" strand="plus" position="201" pvalue="1.99e-06"/>
<scanned_site motif_id="motif_1" strand="plus" position="227" pvalue="1.16e-05"/>
</scanned_sites>
<scanned_sites sequence_id="sequence_20" pvalue="2.66e-03" num_sites="1"><scanned_site motif_id="motif_1" strand="plus" position="164" pvalue="7.51e-06"/>
</scanned_sites>
<scanned_sites sequence_id="sequence_21" pvalue="3.28e-04" num_sites="2"><scanned_site motif_id="motif_1" strand="plus" position="496" pvalue="4.26e-07"/>
<scanned_site motif_id="motif_1" strand="plus" position="514" pvalue="3.78e-05"/>
</scanned_sites>
<scanned_sites sequence_id="sequence_22" pvalue="4.06e-01" num_sites="0"></scanned_sites>
<scanned_sites sequence_id="sequence_23" pvalue="1.30e-03" num_sites="1"><scanned_site motif_id="motif_1" strand="plus" position="106" pvalue="4.01e-06"/>
</scanned_sites>
<scanned_sites sequence_id="sequence_24" pvalue="1.28e-04" num_sites="2"><scanned_site motif_id="motif_1" strand="plus" position="264" pvalue="2.85e-06"/>
<scanned_site motif_id="motif_1" strand="plus" position="289" pvalue="1.81e-07"/>
</scanned_sites>
<scanned_sites sequence_id="sequence_25" pvalue="8.76e-03" num_sites="1"><scanned_site motif_id="motif_1" strand="plus" position="498" pvalue="9.36e-06"/>
</scanned_sites>
<scanned_sites sequence_id="sequence_26" pvalue="2.82e-03" num_sites="2"><scanned_site motif_id="motif_1" strand="plus" position="701" pvalue="6.45e-06"/>
<scanned_site motif_id="motif_1" strand="plus" position="730" pvalue="2.61e-06"/>
</scanned_sites>
<scanned_sites sequence_id="sequence_27" pvalue="3.75e-04" num_sites="1"><scanned_site motif_id="motif_1" strand="plus" position="404" pvalue="5.36e-07"/>
</scanned_sites>
<scanned_sites sequence_id="sequence_28" pvalue="1.45e-04" num_sites="1"><scanned_site motif_id="motif_1" strand="plus" position="383" pvalue="2.06e-07"/>
</scanned_sites>
<scanned_sites sequence_id="sequence_29" pvalue="5.99e-05" num_sites="1"><scanned_site motif_id="motif_1" strand="plus" position="457" pvalue="7.92e-08"/>
</scanned_sites>
<scanned_sites sequence_id="sequence_30" pvalue="1.83e-02" num_sites="1"><scanned_site motif_id="motif_1" strand="plus" position="506" pvalue="2.10e-05"/>
</scanned_sites>
<scanned_sites sequence_id="sequence_31" pvalue="5.69e-01" num_sites="0"></scanned_sites>
<scanned_sites sequence_id="sequence_32" pvalue="2.32e-03" num_sites="2"><scanned_site motif_id="motif_1" strand="plus" position="680" pvalue="1.99e-06"/>
<scanned_site motif_id="motif_1" strand="plus" position="705" pvalue="1.08e-05"/>
</scanned_sites>
<scanned_sites sequence_id="sequence_33" pvalue="2.53e-08" num_sites="1"><scanned_site motif_id="motif_1" strand="plus" position="164" pvalue="8.06e-11"/>
</scanned_sites>
<scanned_sites sequence_id="sequence_34" pvalue="4.95e-04" num_sites="1"><scanned_site motif_id="motif_1" strand="plus" position="270" pvalue="8.23e-07"/>
</scanned_sites>
<scanned_sites sequence_id="sequence_35" pvalue="1.19e-04" num_sites="1"><scanned_site motif_id="motif_1" strand="plus" position="787" pvalue="1.05e-07"/>
</scanned_sites>
<scanned_sites sequence_id="sequence_36" pvalue="9.47e-04" num_sites="1"><scanned_site motif_id="motif_1" strand="plus" position="264" pvalue="1.99e-06"/>
</scanned_sites>
<scanned_sites sequence_id="sequence_37" pvalue="3.76e-05" num_sites="1"><scanned_site motif_id="motif_1" strand="plus" position="195" pvalue="9.17e-08"/>
</scanned_sites>
<scanned_sites sequence_id="sequence_38" pvalue="7.49e-01" num_sites="0"></scanned_sites>
<scanned_sites sequence_id="sequence_39" pvalue="4.47e-03" num_sites="1"><scanned_site motif_id="motif_1" strand="plus" position="185" pvalue="6.97e-06"/>
</scanned_sites>
<scanned_sites sequence_id="sequence_40" pvalue="2.44e-04" num_sites="1"><scanned_site motif_id="motif_1" strand="plus" position="412" pvalue="2.99e-07"/>
</scanned_sites>
<scanned_sites sequence_id="sequence_41" pvalue="1.02e-03" num_sites="1"><scanned_site motif_id="motif_1" strand="plus" position="267" pvalue="1.65e-06"/>
</scanned_sites>
<scanned_sites sequence_id="sequence_42" pvalue="7.71e-03" num_sites="1"><scanned_site motif_id="motif_1" strand="plus" position="131" pvalue="1.62e-05"/>
</scanned_sites>
<scanned_sites sequence_id="sequence_43" pvalue="1.38e-03" num_sites="2"><scanned_site motif_id="motif_1" strand="plus" position="113" pvalue="3.11e-06"/>
<scanned_site motif_id="motif_1" strand="plus" position="269" pvalue="6.74e-05"/>
</scanned_sites>
<scanned_sites sequence_id="sequence_44" pvalue="2.60e-07" num_sites="1"><scanned_site motif_id="motif_1" strand="plus" position="550" pvalue="2.95e-10"/>
</scanned_sites>
<scanned_sites sequence_id="sequence_45" pvalue="2.24e-05" num_sites="1"><scanned_site motif_id="motif_1" strand="plus" position="276" pvalue="3.61e-08"/>
</scanned_sites>
<scanned_sites sequence_id="sequence_46" pvalue="8.88e-04" num_sites="1"><scanned_site motif_id="motif_1" strand="plus" position="127" pvalue="1.65e-06"/>
</scanned_sites>
<scanned_sites sequence_id="sequence_47" pvalue="7.67e-01" num_sites="0"></scanned_sites>
<scanned_sites sequence_id="sequence_48" pvalue="9.63e-05" num_sites="1"><scanned_site motif_id="motif_1" strand="plus" position="109" pvalue="2.34e-07"/>
</scanned_sites>
<scanned_sites sequence_id="sequence_49" pvalue="3.13e-03" num_sites="1"><scanned_site motif_id="motif_1" strand="plus" position="579" pvalue="4.71e-06"/>
</scanned_sites>
<scanned_sites sequence_id="sequence_50" pvalue="2.67e-04" num_sites="1"><scanned_site motif_id="motif_1" strand="plus" position="382" pvalue="3.78e-07"/>
</scanned_sites>
<scanned_sites sequence_id="sequence_51" pvalue="1.72e-02" num_sites="1"><scanned_site motif_id="motif_1" strand="plus" position="100" pvalue="4.00e-05"/>
</scanned_sites>
<scanned_sites sequence_id="sequence_52" pvalue="1.07e-03" num_sites="1"><scanned_site motif_id="motif_1" strand="plus" position="215" pvalue="1.99e-06"/>
</scanned_sites>
<scanned_sites sequence_id="sequence_53" pvalue="1.75e-03" num_sites="1"><scanned_site motif_id="motif_1" strand="plus" position="202" pvalue="2.61e-06"/>
</scanned_sites>
<scanned_sites sequence_id="sequence_54" pvalue="1.72e-06" num_sites="2"><scanned_site motif_id="motif_1" strand="plus" position="167" pvalue="5.52e-06"/>
<scanned_site motif_id="motif_1" strand="plus" position="192" pvalue="3.11e-09"/>
</scanned_sites>
<scanned_sites sequence_id="sequence_55" pvalue="9.95e-01" num_sites="0"></scanned_sites>
<scanned_sites sequence_id="sequence_56" pvalue="2.04e-04" num_sites="1"><scanned_site motif_id="motif_1" strand="plus" position="361" pvalue="3.36e-07"/>
</scanned_sites>
<scanned_sites sequence_id="sequence_57" pvalue="2.98e-03" num_sites="1"><scanned_site motif_id="motif_1" strand="plus" position="408" pvalue="4.71e-06"/>
</scanned_sites>
<scanned_sites sequence_id="sequence_58" pvalue="6.62e-05" num_sites="1"><scanned_site motif_id="motif_1" strand="plus" position="260" pvalue="1.20e-07"/>
</scanned_sites>
<scanned_sites sequence_id="sequence_59" pvalue="4.18e-05" num_sites="2"><scanned_site motif_id="motif_1" strand="plus" position="194" pvalue="9.17e-08"/>
<scanned_site motif_id="motif_1" strand="plus" position="218" pvalue="2.85e-06"/>
</scanned_sites>
<scanned_sites sequence_id="sequence_60" pvalue="1.19e-01" num_sites="0"></scanned_sites>
<scanned_sites sequence_id="sequence_61" pvalue="2.48e-03" num_sites="2"><scanned_site motif_id="motif_1" strand="plus" position="216" pvalue="5.97e-06"/>
<scanned_site motif_id="motif_1" strand="plus" position="237" pvalue="1.42e-05"/>
</scanned_sites>
<scanned_sites sequence_id="sequence_62" pvalue="7.97e-04" num_sites="1"><scanned_site motif_id="motif_1" strand="plus" position="107" pvalue="2.39e-06"/>
</scanned_sites>
<scanned_sites sequence_id="sequence_63" pvalue="2.45e-04" num_sites="2"><scanned_site motif_id="motif_1" strand="plus" position="233" pvalue="4.78e-07"/>
<scanned_site motif_id="motif_1" strand="plus" position="259" pvalue="7.43e-05"/>
</scanned_sites>
<scanned_sites sequence_id="sequence_64" pvalue="5.23e-01" num_sites="0"></scanned_sites>
<scanned_sites sequence_id="sequence_65" pvalue="2.17e-03" num_sites="1"><scanned_site motif_id="motif_1" strand="plus" position="240" pvalue="3.68e-06"/>
</scanned_sites>
<scanned_sites sequence_id="sequence_66" pvalue="1.08e-03" num_sites="1"><scanned_site motif_id="motif_1" strand="plus" position="911" pvalue="9.14e-07"/>
</scanned_sites>
<scanned_sites sequence_id="sequence_67" pvalue="4.99e-03" num_sites="1"><scanned_site motif_id="motif_1" strand="plus" position="13" pvalue="1.73e-05"/>
</scanned_sites>
<scanned_sites sequence_id="sequence_68" pvalue="3.79e-05" num_sites="1"><scanned_site motif_id="motif_1" strand="plus" position="296" pvalue="4.96e-08"/>
</scanned_sites>
<scanned_sites sequence_id="sequence_69" pvalue="4.29e-01" num_sites="0"></scanned_sites>
<scanned_sites sequence_id="sequence_70" pvalue="2.78e-03" num_sites="1"><scanned_site motif_id="motif_1" strand="plus" position="918" pvalue="2.39e-06"/>
</scanned_sites>
<scanned_sites sequence_id="sequence_71" pvalue="1.71e-04" num_sites="2"><scanned_site motif_id="motif_1" strand="plus" position="295" pvalue="1.08e-05"/>
<scanned_site motif_id="motif_1" strand="plus" position="313" pvalue="2.65e-07"/>
</scanned_sites>
<scanned_sites sequence_id="sequence_72" pvalue="9.34e-06" num_sites="1"><scanned_site motif_id="motif_1" strand="plus" position="141" pvalue="1.46e-08"/>
</scanned_sites>
<scanned_sites sequence_id="sequence_73" pvalue="1.21e-04" num_sites="1"><scanned_site motif_id="motif_1" strand="plus" position="204" pvalue="2.06e-07"/>
</scanned_sites>
<scanned_sites sequence_id="sequence_74" pvalue="3.78e-04" num_sites="2"><scanned_site motif_id="motif_1" strand="plus" position="250" pvalue="2.39e-06"/>
<scanned_site motif_id="motif_1" strand="plus" position="276" pvalue="7.41e-07"/>
</scanned_sites>
<scanned_sites sequence_id="sequence_75" pvalue="1.41e-04" num_sites="1"><scanned_site motif_id="motif_1" strand="plus" position="167" pvalue="3.78e-07"/>
</scanned_sites>
<scanned_sites sequence_id="sequence_76" pvalue="8.83e-04" num_sites="1"><scanned_site motif_id="motif_1" strand="plus" position="106" pvalue="2.39e-06"/>
</scanned_sites>
<scanned_sites sequence_id="sequence_77" pvalue="5.27e-01" num_sites="0"></scanned_sites>
<scanned_sites sequence_id="sequence_78" pvalue="1.15e-03" num_sites="2"><scanned_site motif_id="motif_1" strand="plus" position="845" pvalue="3.38e-06"/>
<scanned_site motif_id="motif_1" strand="plus" position="863" pvalue="1.01e-06"/>
</scanned_sites>
<scanned_sites sequence_id="sequence_79" pvalue="2.96e-05" num_sites="1"><scanned_site motif_id="motif_1" strand="plus" position="279" pvalue="5.79e-08"/>
</scanned_sites>
<scanned_sites sequence_id="sequence_80" pvalue="8.34e-06" num_sites="1"><scanned_site motif_id="motif_1" strand="plus" position="61" pvalue="3.07e-08"/>
</scanned_sites>
</scanned_sites_summary>
</MEME>
