<?xml version='1.0' encoding='UTF-8' standalone='yes'?>
<tomtom version="4.11.1" release="Fri Jan 15 12:51:59 2016 -0800">
  <model>
    <command_line>tomtom -no-ssc -oc . -verbosity 1 -min-overlap 5 -dist pearson -evalue -thresh 10.0 meme.txt db/JASPAR/JASPAR_CORE_2016.meme</command_line>
    <distance_measure value="pearson"/>
    <threshold type="evalue">10</threshold>
    <alphabet name="DNA" like="dna">
      <letter id="A" symbol="A" complement="T" name="Adenine" colour="CC0000"/>
      <letter id="C" symbol="C" complement="G" name="Cytosine" colour="0000CC"/>
      <letter id="G" symbol="G" complement="C" name="Guanine" colour="FFB300"/>
      <letter id="T" symbol="T" aliases="U" complement="A" name="Thymine" colour="008000"/>
      <letter id="N" symbol="N" aliases="X." equals="ACGT" name="Any base"/>
      <letter id="V" symbol="V" equals="ACG" name="Not T"/>
      <letter id="H" symbol="H" equals="ACT" name="Not G"/>
      <letter id="D" symbol="D" equals="AGT" name="Not C"/>
      <letter id="B" symbol="B" equals="CGT" name="Not A"/>
      <letter id="M" symbol="M" equals="AC" name="Amino"/>
      <letter id="R" symbol="R" equals="AG" name="Purine"/>
      <letter id="W" symbol="W" equals="AT" name="Weak"/>
      <letter id="S" symbol="S" equals="CG" name="Strong"/>
      <letter id="Y" symbol="Y" equals="CT" name="Pyrimidine"/>
      <letter id="K" symbol="K" equals="GT" name="Keto"/>
    </alphabet>
    <strands>both</strands>
    <background from="first_target" A="0.307" C="0.196" G="0.177" T="0.32"/>
    <host>node205</host>
    <when>Sat Apr 23 01:11:00 2016</when>
  </model>
  <query_dbs>
    <db source="meme.txt" name="meme" loaded="5" excluded="0" last_mod_date="Sat Apr 23 01:03:35 2016"/>
  </query_dbs>
  <target_dbs>
    <db source="db/JASPAR/JASPAR_CORE_2016.meme" name="JASPAR CORE 2016" loaded="1082" excluded="0" last_mod_date="Mon Mar 14 23:48:46 2016"/>
  </target_dbs>
  <queries>
    <motif db="0" id="1" alt="MEME" length="18" nsites="70" evalue="5.2e-113">
      <pos A="0.257214" C="0.0858713" G="0.0858442" T="0.57107"/>
      <pos A="0.257214" C="0.114403" G="0.12864" T="0.499743"/>
      <pos A="0.228683" C="0.0858713" G="0.0287827" T="0.656662"/>
      <pos A="0.642378" C="0.0858713" G="0.185702" T="0.0860482"/>
      <pos A="0.214418" C="0.727811" G="0.057314" T="0.000456491"/>
      <pos A="0.970481" C="0.0288098" G="0.000252496" T="0.000456491"/>
      <pos A="0.000437946" C="0.570893" G="0.0145181" T="0.414151"/>
      <pos A="0.0147036" C="0.984587" G="0.000252496" T="0.000456491"/>
      <pos A="0.000437946" C="0.898996" G="0.0145181" T="0.0860482"/>
      <pos A="0.485459" C="0.000279601" G="0.456743" T="0.057518"/>
      <pos A="0.071765" C="0.0430755" G="0.000252496" T="0.884907"/>
      <pos A="0.884888" C="0.000279601" G="0.114375" T="0.000456491"/>
      <pos A="0.000437946" C="0.998853" G="0.000252496" T="0.000456491"/>
      <pos A="0.956216" C="0.0430755" G="0.000252496" T="0.000456491"/>
      <pos A="0.0289682" C="0.24279" G="0.000252496" T="0.727988"/>
      <pos A="0.200153" C="0.257056" G="0.0145181" T="0.528273"/>
      <pos A="0.228683" C="0.128667" G="0.000252496" T="0.642396"/>
      <pos A="0.257214" C="0.24279" G="0.0287827" T="0.471213"/>
    </motif>
    <motif db="0" id="2" alt="MEME" length="20" nsites="58" evalue="3.1e-039">
      <pos A="0.0521634" C="0.241301" G="0.0863633" T="0.620172"/>
      <pos A="0.121011" C="0.086396" G="0.0519396" T="0.740654"/>
      <pos A="0.155433" C="0.0691846" G="0.017516" T="0.757866"/>
      <pos A="0.121011" C="0.155242" G="0.0347283" T="0.689019"/>
      <pos A="0.000528399" C="0.310148" G="0.0519396" T="0.637384"/>
      <pos A="0.000528399" C="0.0519723" G="0.000304647" T="0.947195"/>
      <pos A="0.000528399" C="0.0175487" G="0.000304647" T="0.981618"/>
      <pos A="0.000528399" C="0.0691846" G="0.206846" T="0.723442"/>
      <pos A="0.0177397" C="0.189666" G="0.000304647" T="0.792289"/>
      <pos A="0.000528399" C="0.0519723" G="0.000304647" T="0.947195"/>
      <pos A="0.034952" C="0.000337349" G="0.224057" T="0.740654"/>
      <pos A="0.034952" C="0.086396" G="0.224057" T="0.654595"/>
      <pos A="0.138222" C="0.5339" G="0.017516" T="0.310362"/>
      <pos A="0.396398" C="0.086396" G="0.103575" T="0.413632"/>
      <pos A="0.258704" C="0.103607" G="0.000304647" T="0.637384"/>
      <pos A="0.000528399" C="0.258513" G="0.0519396" T="0.689019"/>
      <pos A="0.000528399" C="0.000337349" G="0.000304647" T="0.99883"/>
      <pos A="0.034952" C="0.22409" G="0.017516" T="0.723442"/>
      <pos A="0.086587" C="0.155242" G="0.000304647" T="0.757866"/>
      <pos A="0.000528399" C="0.22409" G="0.206846" T="0.568537"/>
    </motif>
    <motif db="0" id="3" alt="MEME" length="20" nsites="69" evalue="1.0e-025">
      <pos A="0.550372" C="0.0581708" G="0.289692" T="0.101765"/>
      <pos A="0.810864" C="0.000283647" G="0.188389" T="0.000463097"/>
      <pos A="0.666146" C="0.159473" G="0.130502" T="0.0438782"/>
      <pos A="0.608259" C="0.275247" G="0.101558" T="0.0149351"/>
      <pos A="0.608259" C="0.13053" G="0.0292002" T="0.232012"/>
      <pos A="0.579315" C="0.13053" G="0.246277" T="0.0438782"/>
      <pos A="0.651674" C="0.202889" G="0.11603" T="0.0294071"/>
      <pos A="0.521428" C="0.0147557" G="0.362051" T="0.101765"/>
      <pos A="0.405654" C="0.304191" G="0.130502" T="0.159652"/>
      <pos A="0.883223" C="0.0581708" G="0.000256151" T="0.0583502"/>
      <pos A="0.724034" C="0.000283647" G="0.27522" T="0.000463097"/>
      <pos A="0.752977" C="0.0726428" G="0.173917" T="0.000463097"/>
      <pos A="0.376711" C="0.0871148" G="0.289692" T="0.246484"/>
      <pos A="0.593787" C="0.260776" G="0.144974" T="0.000463097"/>
      <pos A="0.912166" C="0.0871148" G="0.000256151" T="0.000463097"/>
      <pos A="0.550372" C="0.000283647" G="0.246277" T="0.203068"/>
      <pos A="0.28988" C="0.419965" G="0.0870873" T="0.203068"/>
      <pos A="0.781921" C="0.116058" G="0.0870873" T="0.0149351"/>
      <pos A="0.970053" C="0.000283647" G="0.000256151" T="0.0294071"/>
      <pos A="0.738505" C="0.000283647" G="0.260749" T="0.000463097"/>
    </motif>
    <motif db="0" id="4" alt="MEME" length="20" nsites="22" evalue="8.2e-005">
      <pos A="0.00138914" C="0.408127" G="0.362791" T="0.227693"/>
      <pos A="0.182384" C="0.408127" G="0.408041" T="0.00144796"/>
      <pos A="0.00138914" C="0.498624" G="0.498538" T="0.00144796"/>
      <pos A="0.00138914" C="0.0461362" G="0.951027" T="0.00144796"/>
      <pos A="0.0918868" C="0.498624" G="0.408041" T="0.00144796"/>
      <pos A="0.318131" C="0.634371" G="0.000800905" T="0.0466973"/>
      <pos A="0.318131" C="0.136634" G="0.317543" T="0.227693"/>
      <pos A="0.227634" C="0.27238" G="0.181796" T="0.31819"/>
      <pos A="0.00138914" C="0.0461362" G="0.589036" T="0.363439"/>
      <pos A="0.00138914" C="0.000886878" G="0.996276" T="0.00144796"/>
      <pos A="0.00138914" C="0.543874" G="0.453289" T="0.00144796"/>
      <pos A="0.318131" C="0.408127" G="0.181796" T="0.0919456"/>
      <pos A="0.318131" C="0.000886878" G="0.679534" T="0.00144796"/>
      <pos A="0.0466385" C="0.136634" G="0.815281" T="0.00144796"/>
      <pos A="0.318131" C="0.136634" G="0.543788" T="0.00144796"/>
      <pos A="0.544376" C="0.181882" G="0.000800905" T="0.272941"/>
      <pos A="0.318131" C="0.181882" G="0.498538" T="0.00144796"/>
      <pos A="0.453877" C="0.181882" G="0.362791" T="0.00144796"/>
      <pos A="0.36338" C="0.408127" G="0.227046" T="0.00144796"/>
      <pos A="0.589624" C="0.408127" G="0.000800905" T="0.00144796"/>
    </motif>
    <motif db="0" id="5" alt="MEME" length="11" nsites="36" evalue="3.9e-001">
      <pos A="0.194756" C="0.776166" G="0.0281914" T="0.000886427"/>
      <pos A="0.859576" C="0.0836451" G="0.000490305" T="0.0562885"/>
      <pos A="0.000850416" C="0.526859" G="0.000490305" T="0.4718"/>
      <pos A="0.000850416" C="0.997773" G="0.000490305" T="0.000886427"/>
      <pos A="0.139355" C="0.859269" G="0.000490305" T="0.000886427"/>
      <pos A="0.554867" C="0.000542936" G="0.443703" T="0.000886427"/>
      <pos A="0.250158" C="0.000542936" G="0.000490305" T="0.748809"/>
      <pos A="0.887277" C="0.000542936" G="0.111294" T="0.000886427"/>
      <pos A="0.139355" C="0.859269" G="0.000490305" T="0.000886427"/>
      <pos A="0.831875" C="0.166748" G="0.000490305" T="0.000886427"/>
      <pos A="0.0285515" C="0.305253" G="0.000490305" T="0.665707"/>
    </motif>
  </queries>
  <targets>
    <motif db="0" id="MA0010.1" alt="br" length="14" nsites="9"
        url="http://jaspar.genereg.net?ID=MA0010.1&amp;rm=present&amp;collection=CORE">
      <pos A="0.333044" C="0.112044" G="0.441505" T="0.113406"/>
      <pos A="0.113264" C="0.112044" G="0.111835" T="0.662857"/>
      <pos A="0.552825" C="0.221934" G="0.111835" T="0.113406"/>
      <pos A="0.772605" C="0.00215385" G="0.111835" T="0.113406"/>
      <pos A="0.333044" C="0.00215385" G="0.00194505" T="0.662857"/>
      <pos A="0.662715" C="0.00215385" G="0.00194505" T="0.333186"/>
      <pos A="0.442934" C="0.112044" G="0.441505" T="0.00351648"/>
      <pos A="0.772605" C="0.00215385" G="0.111835" T="0.113406"/>
      <pos A="0.113264" C="0.881275" G="0.00194505" T="0.00351648"/>
      <pos A="0.992385" C="0.00215385" G="0.00194505" T="0.00351648"/>
      <pos A="0.882495" C="0.00215385" G="0.111835" T="0.00351648"/>
      <pos A="0.552825" C="0.00215385" G="0.331615" T="0.113406"/>
      <pos A="0.442934" C="0.00215385" G="0.00194505" T="0.552967"/>
      <pos A="0.223154" C="0.331824" G="0.221725" T="0.223296"/>
    </motif>
    <motif db="0" id="MA0013.1" alt="br(var.4)" length="11" nsites="6"
        url="http://jaspar.genereg.net?ID=MA0013.1&amp;rm=present&amp;collection=CORE">
      <pos A="0.168968" C="0.167148" G="0.00290164" T="0.660984"/>
      <pos A="0.660771" C="0.00321311" G="0.00290164" T="0.333114"/>
      <pos A="0.332901" C="0.00321311" G="0.65864" T="0.0052459"/>
      <pos A="0.168968" C="0.00321311" G="0.00290164" T="0.824918"/>
      <pos A="0.824705" C="0.00321311" G="0.166836" T="0.0052459"/>
      <pos A="0.988639" C="0.00321311" G="0.00290164" T="0.0052459"/>
      <pos A="0.824705" C="0.00321311" G="0.166836" T="0.0052459"/>
      <pos A="0.168968" C="0.495016" G="0.166836" T="0.169181"/>
      <pos A="0.496836" C="0.00321311" G="0.166836" T="0.333114"/>
      <pos A="0.824705" C="0.00321311" G="0.00290164" T="0.169181"/>
      <pos A="0.496836" C="0.167148" G="0.00290164" T="0.333114"/>
    </motif>
    <motif db="0" id="MA0026.1" alt="Eip74EF" length="7" nsites="17"
        url="http://jaspar.genereg.net?ID=MA0026.1&amp;rm=present&amp;collection=CORE">
      <pos A="0.118754" C="0.7029" G="0.117994" T="0.0603513"/>
      <pos A="0.294193" C="0.7029" G="0.00103509" T="0.00187135"/>
      <pos A="0.00179532" C="0.0011462" G="0.995187" T="0.00187135"/>
      <pos A="0.00179532" C="0.0011462" G="0.995187" T="0.00187135"/>
      <pos A="0.995947" C="0.0011462" G="0.00103509" T="0.00187135"/>
      <pos A="0.995947" C="0.0011462" G="0.00103509" T="0.00187135"/>
      <pos A="0.294193" C="0.0596262" G="0.58583" T="0.0603513"/>
    </motif>
    <motif db="0" id="MA0041.1" alt="Foxd3" length="12" nsites="47"
        url="http://jaspar.genereg.net?ID=MA0041.1&amp;rm=present&amp;collection=CORE">
      <pos A="0.234198" C="0.0641106" G="0.552392" T="0.149299"/>
      <pos A="0.637595" C="0.0428788" G="0.000375796" T="0.319151"/>
      <pos A="0.510206" C="0.021648" G="0.000375796" T="0.467771"/>
      <pos A="0.0218836" C="0.0853414" G="0.000375796" T="0.892399"/>
      <pos A="0.255429" C="0.000416136" G="0.722244" T="0.0219112"/>
      <pos A="0.000651805" C="0.000416136" G="0.000375796" T="0.998556"/>
      <pos A="0.0218836" C="0.000416136" G="0.000375796" T="0.977324"/>
      <pos A="0.106809" C="0.000416136" G="0.21269" T="0.680085"/>
      <pos A="0.297891" C="0.000416136" G="0.446236" T="0.255456"/>
      <pos A="0.128041" C="0.149036" G="0.000375796" T="0.722548"/>
      <pos A="0.0218836" C="0.0428788" G="0.0853011" T="0.849936"/>
      <pos A="0.000651805" C="0.255193" G="0.000375796" T="0.743779"/>
    </motif>
    <motif db="0" id="MA0045.1" alt="HMG-I/Y" length="16" nsites="14"
        url="http://jaspar.genereg.net?ID=MA0045.1&amp;rm=present&amp;collection=CORE">
      <pos A="0.214944" C="0.356" G="0.284943" T="0.144113"/>
      <pos A="0.498631" C="0.00139007" G="0.214022" T="0.285957"/>
      <pos A="0.640475" C="0.0723125" G="0.0721777" T="0.215036"/>
      <pos A="0.214944" C="0.426922" G="0.284943" T="0.0731919"/>
      <pos A="0.782319" C="0.00139007" G="0.214022" T="0.0022695"/>
      <pos A="0.782319" C="0.00139007" G="0.143099" T="0.0731919"/>
      <pos A="0.782319" C="0.00139007" G="0.143099" T="0.0731919"/>
      <pos A="0.214944" C="0.214156" G="0.143099" T="0.427801"/>
      <pos A="0.285865" C="0.0723125" G="0.568632" T="0.0731919"/>
      <pos A="0.214944" C="0.285078" G="0.426787" T="0.0731919"/>
      <pos A="0.569554" C="0.356" G="0.0721777" T="0.0022695"/>
      <pos A="0.569554" C="0.0723125" G="0.284943" T="0.0731919"/>
      <pos A="0.640475" C="0.00139007" G="0.143099" T="0.215036"/>
      <pos A="0.640475" C="0.356" G="0.00125532" T="0.0022695"/>
      <pos A="0.782319" C="0.00139007" G="0.214022" T="0.0022695"/>
      <pos A="0.144021" C="0.497844" G="0.00125532" T="0.35688"/>
    </motif>
    <motif db="0" id="MA0049.1" alt="hb" length="10" nsites="16"
        url="http://jaspar.genereg.net?ID=MA0049.1&amp;rm=present&amp;collection=CORE">
      <pos A="0.0640186" C="0.311776" G="0.497994" T="0.126211"/>
      <pos A="0.374578" C="0.498112" G="0.125323" T="0.00198758"/>
      <pos A="0.560913" C="0.187553" G="0.249547" T="0.00198758"/>
      <pos A="0.250354" C="0.187553" G="0.0632112" T="0.498882"/>
      <pos A="0.80936" C="0.0633292" G="0.00109938" T="0.126211"/>
      <pos A="0.995696" C="0.00121739" G="0.00109938" T="0.00198758"/>
      <pos A="0.995696" C="0.00121739" G="0.00109938" T="0.00198758"/>
      <pos A="0.871472" C="0.00121739" G="0.125323" T="0.00198758"/>
      <pos A="0.933584" C="0.0633292" G="0.00109938" T="0.00198758"/>
      <pos A="0.560913" C="0.125441" G="0.125323" T="0.188323"/>
    </motif>
    <motif db="0" id="MA0050.2" alt="IRF1" length="21" nsites="1362"
        url="http://jaspar.genereg.net?ID=MA0050.2&amp;rm=present&amp;collection=CORE">
      <pos A="0.232018" C="0.234946" G="0.1953" T="0.337738"/>
      <pos A="0.184297" C="0.208516" G="0.184287" T="0.422899"/>
      <pos A="0.127032" C="0.237882" G="0.155655" T="0.47943"/>
      <pos A="0.101337" C="0.315703" G="0.108669" T="0.474291"/>
      <pos A="0.539631" C="0.0741649" G="0.265045" T="0.12116"/>
      <pos A="0.0176422" C="0.58147" G="0.371498" T="0.0293903"/>
      <pos A="0.00883289" C="1.43895e-05" G="1.29946e-05" T="0.99114"/>
      <pos A="2.25387e-05" C="0.0227737" G="1.29946e-05" T="0.977191"/>
      <pos A="2.25387e-05" C="0.0411274" G="0.00294978" T="0.9559"/>
      <pos A="2.25387e-05" C="0.916981" G="1.29946e-05" T="0.0829834"/>
      <pos A="0.670311" C="0.0286463" G="0.174743" T="0.126299"/>
      <pos A="0.0147055" C="0.577799" G="0.253298" T="0.154197"/>
      <pos A="0.0117687" C="0.000748336" G="1.29946e-05" T="0.987469"/>
      <pos A="0.00516216" C="0.0102926" G="0.00368373" T="0.980861"/>
      <pos A="0.00809795" C="0.0425953" G="1.29946e-05" T="0.949293"/>
      <pos A="0.0125036" C="0.75106" G="0.0205695" T="0.215867"/>
      <pos A="0.376647" C="0.179884" G="0.193097" T="0.250372"/>
      <pos A="0.16007" C="0.340664" G="0.213653" T="0.285612"/>
      <pos A="0.106476" C="0.136568" G="0.0837068" T="0.673249"/>
      <pos A="0.145386" C="0.141707" G="0.0726947" T="0.640211"/>
      <pos A="0.121894" C="0.243022" G="0.110871" T="0.524214"/>
    </motif>
    <motif db="0" id="MA0062.2" alt="Gabpa" length="11" nsites="991"
        url="http://jaspar.genereg.net?ID=MA0062.2&amp;rm=present&amp;collection=CORE">
      <pos A="0.0323837" C="0.776483" G="0.19009" T="0.00104319"/>
      <pos A="0.0708028" C="0.924093" G="0.00406145" T="0.00104319"/>
      <pos A="3.09757e-05" C="1.9776e-05" G="0.998908" T="0.00104119"/>
      <pos A="3.09757e-05" C="1.9776e-05" G="0.999917" T="3.22874e-05"/>
      <pos A="0.997916" C="0.00102667" G="0.00102476" T="3.22874e-05"/>
      <pos A="0.995902" C="0.00203357" G="1.78589e-05" T="0.00204608"/>
      <pos A="0.0947794" C="0.0322745" G="0.872914" T="3.22874e-05"/>
      <pos A="0.0565343" C="0.263363" G="0.0373501" T="0.642752"/>
      <pos A="0.155571" C="0.13839" G="0.609047" T="0.0969925"/>
      <pos A="0.266671" C="0.264639" G="0.419168" T="0.0495223"/>
      <pos A="0.235361" C="0.360589" G="0.226258" T="0.177792"/>
    </motif>
    <motif db="0" id="MA0120.1" alt="id1" length="12" nsites="24"
        url="http://jaspar.genereg.net?ID=MA0120.1&amp;rm=present&amp;collection=CORE">
      <pos A="0.042768" C="0.0423074" G="0.0837217" T="0.831203"/>
      <pos A="0.125755" C="0.125295" G="0.16671" T="0.58224"/>
      <pos A="0.042768" C="0.0838005" G="0.374178" T="0.499253"/>
      <pos A="0.00127386" C="0.374257" G="0.125216" T="0.499253"/>
      <pos A="0.00127386" C="0.540233" G="0.16671" T="0.291785"/>
      <pos A="0.0842611" C="0.457244" G="0.16671" T="0.291785"/>
      <pos A="0.125755" C="0.332763" G="0.0837217" T="0.457759"/>
      <pos A="0.042768" C="0.0423074" G="0.0422285" T="0.872697"/>
      <pos A="0.333224" C="0.208282" G="0.0422285" T="0.416266"/>
      <pos A="0.00127386" C="0.249776" G="0.291191" T="0.457759"/>
      <pos A="0.00127386" C="0.706207" G="0.00073444" T="0.291785"/>
      <pos A="0.0842611" C="0.000813278" G="0.747622" T="0.167303"/>
    </motif>
    <motif db="0" id="MA0146.2" alt="Zfx" length="14" nsites="480"
        url="http://jaspar.genereg.net?ID=MA0146.2&amp;rm=present&amp;collection=CORE">
      <pos A="0.104864" C="0.373129" G="0.375221" T="0.146787"/>
      <pos A="0.123728" C="0.356361" G="0.362644" T="0.157267"/>
      <pos A="0.190401" C="0.315875" G="0.416268" T="0.0774565"/>
      <pos A="0.150346" C="0.102316" G="0.61995" T="0.127389"/>
      <pos A="0.0208496" C="0.617376" G="0.299351" T="0.0624237"/>
      <pos A="0.0125353" C="0.750404" G="0.004194" T="0.232866"/>
      <pos A="0.062421" C="0.257783" G="0.380415" T="0.29938"/>
      <pos A="0.39707" C="0.318062" G="0.253622" T="0.0312452"/>
      <pos A="0.0166925" C="0.00419796" G="0.976964" T="0.00214522"/>
      <pos A="6.3945e-05" C="0.00627653" G="0.991514" T="0.00214522"/>
      <pos A="6.3945e-05" C="0.999833" G="3.68673e-05" T="6.66528e-05"/>
      <pos A="6.3945e-05" C="0.997754" G="3.68673e-05" T="0.00214522"/>
      <pos A="6.3945e-05" C="0.00211939" G="3.68673e-05" T="0.99778"/>
      <pos A="0.175027" C="0.254155" G="0.454109" T="0.116709"/>
    </motif>
    <motif db="0" id="MA0162.2" alt="EGR1" length="14" nsites="12256"
        url="http://jaspar.genereg.net?ID=MA0162.2&amp;rm=present&amp;collection=CORE">
      <pos A="0.0895908" C="0.467361" G="0.251549" T="0.191499"/>
      <pos A="0.122881" C="0.558662" G="0.110885" T="0.207573"/>
      <pos A="0.0946497" C="0.493552" G="0.183584" T="0.228216"/>
      <pos A="0.108928" C="0.851088" G="1.44418e-06" T="0.0399823"/>
      <pos A="0.0190133" C="0.944348" G="1.44418e-06" T="0.0366373"/>
      <pos A="0.237517" C="1.5992e-06" G="0.558091" T="0.204391"/>
      <pos A="2.50488e-06" C="0.999993" G="1.44418e-06" T="2.61094e-06"/>
      <pos A="2.50488e-06" C="0.967031" G="1.44418e-06" T="0.0329653"/>
      <pos A="2.50488e-06" C="0.828487" G="0.049854" T="0.121657"/>
      <pos A="0.297977" C="0.682192" G="1.44418e-06" T="0.0198294"/>
      <pos A="2.50488e-06" C="0.97519" G="1.44418e-06" T="0.0248064"/>
      <pos A="0.193212" C="1.5992e-06" G="0.538427" T="0.268358"/>
      <pos A="2.50488e-06" C="0.803601" G="0.115862" T="0.080534"/>
      <pos A="0.246899" C="0.456509" G="0.156087" T="0.140504"/>
    </motif>
    <motif db="0" id="MA0277.1" alt="AZF1" length="9" nsites="100"
        url="http://jaspar.genereg.net?ID=MA0277.1&amp;rm=present&amp;collection=CORE">
      <pos A="0.617337" C="0.127519" G="0.1275" T="0.127643"/>
      <pos A="0.999308" C="0.000195804" G="0.000176823" T="0.00031968"/>
      <pos A="0.999308" C="0.000195804" G="0.000176823" T="0.00031968"/>
      <pos A="0.870723" C="0.12878" G="0.000176823" T="0.00031968"/>
      <pos A="0.749557" C="0.000195804" G="0.249927" T="0.00031968"/>
      <pos A="0.000306693" C="0.000195804" G="0.999178" T="0.00031968"/>
      <pos A="0.779527" C="0.160036" G="0.0301469" T="0.0302897"/>
      <pos A="0.817671" C="0.0607413" G="0.0607223" T="0.0608651"/>
      <pos A="0.617337" C="0.127519" G="0.1275" T="0.127643"/>
    </motif>
    <motif db="0" id="MA0296.1" alt="FKH1" length="20" nsites="998"
        url="http://jaspar.genereg.net?ID=MA0296.1&amp;rm=present&amp;collection=CORE">
      <pos A="0.177546" C="0.287855" G="0.20762" T="0.32698"/>
      <pos A="0.247501" C="0.192385" G="0.334653" T="0.22546"/>
      <pos A="0.5205" C="0.0840952" G="0.0981059" T="0.297299"/>
      <pos A="0.527032" C="0.076164" G="0.129264" T="0.26754"/>
      <pos A="0.365359" C="0.0730853" G="0.150153" T="0.411402"/>
      <pos A="0.119257" C="0.146298" G="0.133271" T="0.601174"/>
      <pos A="0.146309" C="0.00402724" G="0.84863" T="0.00103396"/>
      <pos A="0.00705106" C="0.00302834" G="1.77337e-05" T="0.989903"/>
      <pos A="0.96182" C="0.0371269" G="1.77337e-05" T="0.00103496"/>
      <pos A="0.978891" C="0.0110405" G="0.00101963" T="0.00904916"/>
      <pos A="0.991915" C="0.00102154" G="0.00202153" T="0.00504156"/>
      <pos A="0.00103266" C="0.926781" G="0.00101963" T="0.0711669"/>
      <pos A="0.991915" C="0.00102154" G="0.00302343" T="0.00403966"/>
      <pos A="0.875695" C="0.0390937" G="0.0160481" T="0.0691631"/>
      <pos A="0.672308" C="0.0491127" G="0.0701507" T="0.208428"/>
      <pos A="0.248503" C="0.191383" G="0.407793" T="0.152322"/>
      <pos A="0.374742" C="0.158321" G="0.296581" T="0.170356"/>
      <pos A="0.284571" C="0.18437" G="0.330646" T="0.200413"/>
      <pos A="0.205421" C="0.11624" G="0.452878" T="0.22546"/>
      <pos A="0.421832" C="0.192385" G="0.24849" T="0.137293"/>
    </motif>
    <motif db="0" id="MA0317.1" alt="HCM1" length="8" nsites="100"
        url="http://jaspar.genereg.net?ID=MA0317.1&amp;rm=present&amp;collection=CORE">
      <pos A="0.509797" C="0.160036" G="0.249927" T="0.0802398"/>
      <pos A="0.270037" C="0.0801159" G="0.0401369" T="0.60971"/>
      <pos A="0.66301" C="0.316711" G="0.0100679" T="0.0102108"/>
      <pos A="0.949358" C="0.0501459" G="0.000176823" T="0.00031968"/>
      <pos A="0.999308" C="0.000195804" G="0.000176823" T="0.00031968"/>
      <pos A="0.0102967" C="0.859337" G="0.000176823" T="0.13019"/>
      <pos A="0.939961" C="0.019978" G="0.019959" T="0.0201019"/>
      <pos A="0.57549" C="0.171741" G="0.111177" T="0.141592"/>
    </motif>
    <motif db="0" id="MA0359.1" alt="RAP1" length="10" nsites="100"
        url="http://jaspar.genereg.net?ID=MA0359.1&amp;rm=present&amp;collection=CORE">
      <pos A="0.180127" C="0.689506" G="0.120057" T="0.0103097"/>
      <pos A="0.989217" C="0.000195804" G="0.000176823" T="0.0104106"/>
      <pos A="0.0103976" C="0.757015" G="0.000176823" T="0.232411"/>
      <pos A="0.0102967" C="0.969227" G="0.0101668" T="0.0103097"/>
      <pos A="0.0102967" C="0.899297" G="0.000176823" T="0.0902298"/>
      <pos A="0.709597" C="0.000195804" G="0.269907" T="0.0202997"/>
      <pos A="0.168456" C="0.108998" G="0.0793057" T="0.643241"/>
      <pos A="0.719587" C="0.000195804" G="0.140037" T="0.14018"/>
      <pos A="0.0102967" C="0.979217" G="0.000176823" T="0.0103097"/>
      <pos A="0.859448" C="0.130066" G="0.000176823" T="0.0103097"/>
    </motif>
    <motif db="0" id="MA0361.1" alt="RDS1" length="7" nsites="100"
        url="http://jaspar.genereg.net?ID=MA0361.1&amp;rm=present&amp;collection=CORE">
      <pos A="0.0102967" C="0.909287" G="0.0101668" T="0.0702498"/>
      <pos A="0.000306693" C="0.110086" G="0.889288" T="0.00031968"/>
      <pos A="0.000306693" C="0.000195804" G="0.999178" T="0.00031968"/>
      <pos A="0.000306693" C="0.839357" G="0.160017" T="0.00031968"/>
      <pos A="0.000306693" C="0.949247" G="0.0501269" T="0.00031968"/>
      <pos A="0.000306693" C="0.110086" G="0.889288" T="0.00031968"/>
      <pos A="0.316822" C="0.316711" G="0.316692" T="0.0497752"/>
    </motif>
    <motif db="0" id="MA0377.1" alt="SFL1" length="21" nsites="998"
        url="http://jaspar.genereg.net?ID=MA0377.1&amp;rm=present&amp;collection=CORE">
      <pos A="0.272275" C="0.183184" G="0.130135" T="0.414405"/>
      <pos A="0.368731" C="0.262518" G="0.124253" T="0.244497"/>
      <pos A="0.281566" C="0.244484" G="0.332649" T="0.141301"/>
      <pos A="0.382374" C="0.25625" G="0.117123" T="0.244252"/>
      <pos A="0.314628" C="0.0982058" G="0.349682" T="0.237483"/>
      <pos A="0.368362" C="0.221218" G="0.198196" T="0.212223"/>
      <pos A="0.727686" C="0.0300466" G="0.124129" T="0.118138"/>
      <pos A="0.127145" C="0.17818" G="0.108115" T="0.58656"/>
      <pos A="0.506487" C="0.261254" G="0.226221" T="0.00603746"/>
      <pos A="0.018065" C="0.0100386" G="0.961845" T="0.0100511"/>
      <pos A="0.957851" C="0.01605" G="0.00502723" T="0.021072"/>
      <pos A="0.960856" C="0.00903673" G="0.0210576" T="0.00904916"/>
      <pos A="0.0220725" C="0.0471089" G="0.807552" T="0.123266"/>
      <pos A="0.616586" C="0.129136" G="0.218214" T="0.0360645"/>
      <pos A="0.597165" C="0.134275" G="0.0360861" T="0.232474"/>
      <pos A="0.536049" C="0.22144" G="0.0481089" T="0.194402"/>
      <pos A="0.256518" C="0.156317" G="0.146296" T="0.44087"/>
      <pos A="0.492967" C="0.096202" G="0.217431" T="0.1934"/>
      <pos A="0.431851" C="0.0671469" G="0.0992058" T="0.401796"/>
      <pos A="0.369733" C="0.123253" G="0.146296" T="0.360717"/>
      <pos A="0.410221" C="0.121371" G="0.0722275" T="0.396181"/>
    </motif>
    <motif db="0" id="MA0390.1" alt="STB3" length="21" nsites="998"
        url="http://jaspar.genereg.net?ID=MA0390.1&amp;rm=present&amp;collection=CORE">
      <pos A="0.0983159" C="0.168509" G="0.547606" T="0.18557"/>
      <pos A="0.166347" C="0.173349" G="0.202402" T="0.457902"/>
      <pos A="0.18256" C="0.416227" G="0.057184" T="0.34403"/>
      <pos A="0.1944" C="0.379742" G="0.107221" T="0.318637"/>
      <pos A="0.507996" C="0.0591317" G="0.189378" T="0.243495"/>
      <pos A="0.547524" C="0.120128" G="0.151154" T="0.181195"/>
      <pos A="0.777508" C="0.0350861" G="0.0711526" T="0.116252"/>
      <pos A="0.49948" C="0.0270439" G="0.0330474" T="0.440428"/>
      <pos A="0.0992188" C="0.0110405" G="0.00202153" T="0.887719"/>
      <pos A="0.0531314" C="0.00502914" G="0.00101963" T="0.94082"/>
      <pos A="0.0100498" C="0.00402724" G="0.00202153" T="0.983901"/>
      <pos A="0.0130555" C="1.96373e-05" G="0.0150462" T="0.971879"/>
      <pos A="3.07584e-05" C="0.0640772" G="0.0200357" T="0.915856"/>
      <pos A="0.00303346" C="0.990911" G="0.00201953" T="0.00403566"/>
      <pos A="0.9659" C="0.00702594" G="0.0250402" T="0.00203386"/>
      <pos A="0.150317" C="0.588137" G="0.0841773" T="0.177369"/>
      <pos A="0.129147" C="0.120128" G="0.137141" T="0.613585"/>
      <pos A="0.166347" C="0.32664" G="0.200399" T="0.306614"/>
      <pos A="0.308617" C="0.253501" G="0.125256" T="0.312626"/>
      <pos A="0.233474" C="0.170344" G="0.315617" T="0.280565"/>
      <pos A="0.226688" C="0.182549" G="0.296879" T="0.293885"/>
    </motif>
    <motif db="0" id="MA0410.1" alt="UGA3" length="8" nsites="100"
        url="http://jaspar.genereg.net?ID=MA0410.1&amp;rm=present&amp;collection=CORE">
      <pos A="0.100207" C="0.439756" G="0.269907" T="0.19013"/>
      <pos A="0.0406703" C="0.282741" G="0.635905" T="0.0406833"/>
      <pos A="0.000306693" C="0.000195804" G="0.999178" T="0.00031968"/>
      <pos A="0.000306693" C="0.999197" G="0.000176823" T="0.00031968"/>
      <pos A="0.000306693" C="0.000195804" G="0.999178" T="0.00031968"/>
      <pos A="0.000306693" C="0.000195804" G="0.999178" T="0.00031968"/>
      <pos A="0.0202867" C="0.269926" G="0.689488" T="0.0202997"/>
      <pos A="0.858035" C="0.0203776" G="0.0203586" T="0.101229"/>
    </motif>
    <motif db="0" id="MA0421.1" alt="NSI1" length="10" nsites="1870"
        url="http://jaspar.genereg.net?ID=MA0421.1&amp;rm=present&amp;collection=CORE">
      <pos A="0.0913505" C="1.04807e-05" G="0.143834" T="0.764805"/>
      <pos A="1.64162e-05" C="1.04807e-05" G="0.0215483" T="0.978425"/>
      <pos A="1.64162e-05" C="0.0545916" G="9.46473e-06" T="0.945383"/>
      <pos A="0.999963" C="1.04807e-05" G="9.46473e-06" T="1.71114e-05"/>
      <pos A="1.64162e-05" C="0.999957" G="9.46473e-06" T="1.71114e-05"/>
      <pos A="1.64162e-05" C="0.999957" G="9.46473e-06" T="1.71114e-05"/>
      <pos A="0.063556" C="0.936417" G="9.46473e-06" T="1.71114e-05"/>
      <pos A="1.64162e-05" C="1.04807e-05" G="0.999956" T="1.71114e-05"/>
      <pos A="0.026747" C="1.04807e-05" G="0.973225" T="1.71114e-05"/>
      <pos A="0.384118" C="0.414682" G="0.0576984" T="0.1435"/>
    </motif>
    <motif db="0" id="MA0470.1" alt="E2F4" length="11" nsites="1878"
        url="http://jaspar.genereg.net?ID=MA0470.1&amp;rm=present&amp;collection=CORE">
      <pos A="0.144844" C="0.197018" G="0.451529" T="0.206609"/>
      <pos A="0.082547" C="0.271561" G="0.645875" T="1.70385e-05"/>
      <pos A="1.63463e-05" C="0.00586712" G="0.994099" T="1.70385e-05"/>
      <pos A="1.63463e-05" C="0.999957" G="9.42442e-06" T="1.70385e-05"/>
      <pos A="1.63463e-05" C="1.04361e-05" G="0.999956" T="1.70385e-05"/>
      <pos A="0.0143926" C="0.116085" G="0.869505" T="1.70385e-05"/>
      <pos A="0.00800292" C="0.0218413" G="0.970139" T="1.70385e-05"/>
      <pos A="0.960029" C="1.04361e-05" G="0.0399433" T="1.70385e-05"/>
      <pos A="0.66718" C="1.04361e-05" G="0.332793" T="1.70385e-05"/>
      <pos A="0.379123" C="0.185837" G="0.383376" T="0.0516653"/>
      <pos A="0.26784" C="0.209264" G="0.328001" T="0.194895"/>
    </motif>
    <motif db="0" id="MA0471.1" alt="E2F6" length="11" nsites="2757"
        url="http://jaspar.genereg.net?ID=MA0471.1&amp;rm=present&amp;collection=CORE">
      <pos A="0.294523" C="0.0290231" G="0.509963" T="0.166491"/>
      <pos A="0.160324" C="0.147264" G="0.6924" T="1.16064e-05"/>
      <pos A="1.11349e-05" C="7.10892e-06" G="0.99997" T="1.16064e-05"/>
      <pos A="0.243745" C="0.708722" G="6.41979e-06" T="0.0475249"/>
      <pos A="0.00255004" C="7.10892e-06" G="0.997431" T="1.16064e-05"/>
      <pos A="1.11349e-05" C="7.10892e-06" G="0.99997" T="1.16064e-05"/>
      <pos A="0.00726487" C="0.0105257" G="0.982198" T="1.16064e-05"/>
      <pos A="0.999975" C="7.10892e-06" G="6.41979e-06" T="1.16064e-05"/>
      <pos A="0.611523" C="7.10892e-06" G="0.388458" T="1.16064e-05"/>
      <pos A="0.358359" C="0.164673" G="0.41167" T="0.0652972"/>
      <pos A="0.279653" C="0.256073" G="0.3297" T="0.134574"/>
    </motif>
    <motif db="0" id="MA0472.2" alt="EGR2" length="11" nsites="2342"
        url="http://jaspar.genereg.net?ID=MA0472.2&amp;rm=present&amp;collection=CORE">
      <pos A="0.558387" C="0.327697" G="0.0453726" T="0.0685437"/>
      <pos A="1.31079e-05" C="0.93883" G="0.0169558" T="0.0442008"/>
      <pos A="0.0694541" C="8.36856e-06" G="0.878266" T="0.0522714"/>
      <pos A="0.00372095" C="0.962884" G="0.0154579" T="0.0179359"/>
      <pos A="0.0149565" C="0.967588" G="0.00934716" T="0.00810832"/>
      <pos A="1.31079e-05" C="0.823304" G="0.0213186" T="0.155363"/>
      <pos A="0.939579" C="0.0481463" G="0.0113861" T="0.000888626"/>
      <pos A="1.31079e-05" C="0.984321" G="0.0012595" T="0.014406"/>
      <pos A="0.0246001" C="8.36856e-06" G="0.935714" T="0.039678"/>
      <pos A="0.00233301" C="0.919343" G="0.0116081" T="0.0667158"/>
      <pos A="0.605232" C="0.054901" G="0.189509" T="0.150357"/>
    </motif>
    <motif db="0" id="MA0481.1" alt="FOXP1" length="15" nsites="311"
        url="http://jaspar.genereg.net?ID=MA0481.1&amp;rm=present&amp;collection=CORE">
      <pos A="0.331182" C="0.347218" G="0.154348" T="0.167252"/>
      <pos A="0.421185" C="0.183284" G="0.176849" T="0.218683"/>
      <pos A="0.49833" C="0.125425" G="0.128633" T="0.247611"/>
      <pos A="0.578691" C="0.135068" G="0.17042" T="0.115822"/>
      <pos A="0.443686" C="0.0193498" G="0.282924" T="0.25404"/>
      <pos A="0.254036" C="0.0354216" G="0.710439" T="0.000102861"/>
      <pos A="0.228321" C="0.0129209" G="5.68949e-05" T="0.758701"/>
      <pos A="0.999777" C="6.30023e-05" G="5.68949e-05" T="0.000102861"/>
      <pos A="0.999777" C="6.30023e-05" G="5.68949e-05" T="0.000102861"/>
      <pos A="0.999777" C="6.30023e-05" G="5.68949e-05" T="0.000102861"/>
      <pos A="0.0515291" C="0.893667" G="0.0322006" T="0.0226036"/>
      <pos A="0.999777" C="6.30023e-05" G="5.68949e-05" T="0.000102861"/>
      <pos A="0.565833" C="0.247571" G="0.183278" T="0.00331683"/>
      <pos A="0.781198" C="0.0579224" G="0.0739881" T="0.086892"/>
      <pos A="0.327967" C="0.135068" G="0.414715" T="0.12225"/>
    </motif>
    <motif db="0" id="MA0516.1" alt="SP2" length="15" nsites="1686"
        url="http://jaspar.genereg.net?ID=MA0516.1&amp;rm=present&amp;collection=CORE">
      <pos A="0.0949116" C="0.150062" G="0.609701" T="0.145324"/>
      <pos A="0.0231488" C="0.481003" G="0.152433" T="0.343415"/>
      <pos A="0.0308584" C="0.822027" G="0.000603462" T="0.146511"/>
      <pos A="1.82077e-05" C="0.995801" G="0.00416225" T="1.89787e-05"/>
      <pos A="1.82077e-05" C="0.97445" G="1.04976e-05" T="0.0255215"/>
      <pos A="0.103215" C="1.16245e-05" G="0.759158" T="0.137615"/>
      <pos A="1.82077e-05" C="0.999952" G="1.04976e-05" T="1.89787e-05"/>
      <pos A="1.82077e-05" C="0.982159" G="1.04976e-05" T="0.0178119"/>
      <pos A="1.82077e-05" C="0.65715" G="1.04976e-05" T="0.342822"/>
      <pos A="0.122194" C="0.709341" G="1.04976e-05" T="0.168455"/>
      <pos A="0.0682232" C="0.575896" G="0.058726" T="0.297154"/>
      <pos A="0.110925" C="0.32858" G="0.192763" T="0.367731"/>
      <pos A="0.134055" C="0.425253" G="0.237837" T="0.202854"/>
      <pos A="0.135241" C="0.470921" G="0.241989" T="0.151849"/>
      <pos A="0.120414" C="0.441859" G="0.250293" T="0.187434"/>
    </motif>
    <motif db="0" id="MA0532.1" alt="Stat92E" length="15" nsites="118"
        url="http://jaspar.genereg.net?ID=MA0532.1&amp;rm=present&amp;collection=CORE">
      <pos A="0.127271" C="0.423536" G="0.203368" T="0.245826"/>
      <pos A="0.203478" C="0.186449" G="0.499727" T="0.110347"/>
      <pos A="0.22888" C="0.296525" G="0.347314" T="0.127282"/>
      <pos A="0.770793" C="0.00863378" G="0.144096" T="0.0764774"/>
      <pos A="0.398228" C="0.000165961" G="0.22877" T="0.372836"/>
      <pos A="0.000259949" C="0.00863378" G="0.0086177" T="0.98249"/>
      <pos A="0.000259949" C="0.0509699" G="0.000149873" T="0.94862"/>
      <pos A="0.000259949" C="0.89771" G="0.000149873" T="0.10188"/>
      <pos A="0.000259949" C="0.567482" G="0.118693" T="0.313564"/>
      <pos A="0.322021" C="0.177981" G="0.254172" T="0.245826"/>
      <pos A="0.347424" C="0.0171006" G="0.592868" T="0.0426081"/>
      <pos A="0.000259949" C="0.00863378" G="0.990835" T="0.000270957"/>
      <pos A="0.957076" C="0.000165961" G="0.0170845" T="0.0256734"/>
      <pos A="0.999413" C="0.000165961" G="0.000149873" T="0.000270957"/>
      <pos A="0.533706" C="0.0763724" G="0.0848241" T="0.305098"/>
    </motif>
    <motif db="0" id="MA0535.1" alt="Mad" length="15" nsites="102"
        url="http://jaspar.genereg.net?ID=MA0535.1&amp;rm=present&amp;collection=CORE">
      <pos A="0.000300686" C="0.470319" G="0.460506" T="0.0688732"/>
      <pos A="0.343102" C="0.254844" G="0.1275" T="0.274555"/>
      <pos A="0.000300686" C="0.137313" G="0.862073" T="0.000313418"/>
      <pos A="0.343102" C="0.000191969" G="0.548656" T="0.108051"/>
      <pos A="0.000300686" C="0.999213" G="0.000173359" T="0.000313418"/>
      <pos A="0.000300686" C="0.000191969" G="0.999194" T="0.000313418"/>
      <pos A="0.22557" C="0.636823" G="0.000173359" T="0.137434"/>
      <pos A="0.000300686" C="0.695588" G="0.303798" T="0.000313418"/>
      <pos A="0.284336" C="0.000191969" G="0.715158" T="0.000313418"/>
      <pos A="0.284336" C="0.38217" G="0.33318" T="0.000313418"/>
      <pos A="0.108038" C="0.519291" G="0.245031" T="0.12764"/>
      <pos A="0.284336" C="0.000191969" G="0.715158" T="0.000313418"/>
      <pos A="0.117832" C="0.470319" G="0.26462" T="0.147228"/>
      <pos A="0.313718" C="0.333198" G="0.156883" T="0.196199"/>
      <pos A="0.108038" C="0.274433" G="0.617215" T="0.000313418"/>
    </motif>
    <motif db="0" id="MA0537.1" alt="blmp-1" length="11" nsites="3368"
        url="http://jaspar.genereg.net?ID=MA0537.1&amp;rm=present&amp;collection=CORE">
      <pos A="0.566797" C="5.8193e-06" G="0.433187" T="9.50091e-06"/>
      <pos A="0.918034" C="5.8193e-06" G="0.0789819" T="0.00297841"/>
      <pos A="0.868748" C="5.8193e-06" G="0.131236" T="9.50091e-06"/>
      <pos A="0.95485" C="5.8193e-06" G="0.0451349" T="9.50091e-06"/>
      <pos A="0.250002" C="5.8193e-06" G="0.611626" T="0.138366"/>
      <pos A="0.343526" C="0.0994689" G="0.162708" T="0.394297"/>
      <pos A="9.11493e-06" C="5.8193e-06" G="0.999976" T="9.50091e-06"/>
      <pos A="0.999979" C="5.8193e-06" G="5.25519e-06" T="9.50091e-06"/>
      <pos A="0.632116" C="5.8193e-06" G="0.322443" T="0.0454362"/>
      <pos A="0.914768" C="5.8193e-06" G="0.075419" T="0.00980721"/>
      <pos A="0.518106" C="0.0380097" G="0.410622" T="0.0332625"/>
    </motif>
    <motif db="0" id="MA0541.1" alt="efl-1" length="15" nsites="2206"
        url="http://jaspar.genereg.net?ID=MA0541.1&amp;rm=present&amp;collection=CORE">
      <pos A="0.300091" C="0.334536" G="0.087946" T="0.277427"/>
      <pos A="0.267001" C="0.177245" G="0.367625" T="0.188129"/>
      <pos A="0.262921" C="0.362186" G="0.0752536" T="0.299638"/>
      <pos A="0.159572" C="0.142341" G="0.396636" T="0.301452"/>
      <pos A="0.041716" C="0.521291" G="0.404795" T="0.032198"/>
      <pos A="0.0276647" C="0.00998143" G="0.962339" T="1.45052e-05"/>
      <pos A="0.00499969" C="0.993618" G="0.00136796" T="1.45052e-05"/>
      <pos A="1.3916e-05" C="8.88446e-06" G="0.999963" T="1.45052e-05"/>
      <pos A="1.3916e-05" C="0.561633" G="0.438338" T="1.45052e-05"/>
      <pos A="0.0603012" C="0.284674" G="0.65501" T="1.45052e-05"/>
      <pos A="0.950107" C="0.0249398" G="0.00816765" T="0.0167857"/>
      <pos A="0.911578" C="0.0117944" G="0.0707208" T="0.00590724"/>
      <pos A="0.645497" C="0.0621091" G="0.0802404" T="0.212154"/>
      <pos A="0.315503" C="0.0970125" G="0.0775205" T="0.509964"/>
      <pos A="0.144613" C="0.176338" G="0.159566" T="0.519483"/>
    </motif>
    <motif db="0" id="MA0547.1" alt="skn-1" length="15" nsites="318"
        url="http://jaspar.genereg.net?ID=MA0547.1&amp;rm=present&amp;collection=CORE">
      <pos A="0.597393" C="0.135239" G="0.194963" T="0.0724049"/>
      <pos A="0.745145" C="0.0377858" G="0.122659" T="0.0944109"/>
      <pos A="0.657123" C="0.0755099" G="0.172957" T="0.0944109"/>
      <pos A="0.842599" C="6.16158e-05" G="0.0503538" T="0.106985"/>
      <pos A="0.100694" C="0.113234" G="0.0817909" T="0.704282"/>
      <pos A="9.65105e-05" C="0.0535038" G="0.946299" T="0.000100597"/>
      <pos A="0.833168" C="0.11009" G="0.0157737" T="0.0409687"/>
      <pos A="0.0629697" C="6.16158e-05" G="5.56429e-05" T="0.936913"/>
      <pos A="9.65105e-05" C="6.16158e-05" G="0.999741" T="0.000100597"/>
      <pos A="0.999782" C="6.16158e-05" G="5.56429e-05" T="0.000100597"/>
      <pos A="0.0975499" C="0.562778" G="0.0692159" T="0.270456"/>
      <pos A="0.782869" C="6.16158e-05" G="0.088078" T="0.128991"/>
      <pos A="0.754576" C="6.16158e-05" G="5.56429e-05" T="0.245306"/>
      <pos A="0.437066" C="0.0503598" G="0.0660729" T="0.446501"/>
      <pos A="0.289314" C="0.116377" G="0.16667" T="0.427639"/>
    </motif>
    <motif db="0" id="MA0548.1" alt="AGL15" length="15" nsites="150"
        url="http://jaspar.genereg.net?ID=MA0548.1&amp;rm=present&amp;collection=CORE">
      <pos A="0.0601646" C="0.0334414" G="0.0201046" T="0.886289"/>
      <pos A="0.0268538" C="0.0667532" G="0.0400913" T="0.866303"/>
      <pos A="0.120125" C="0.00013058" G="0.0734021" T="0.806343"/>
      <pos A="0.00020453" C="0.959491" G="0.013442" T="0.0268624"/>
      <pos A="0.0268538" C="0.659691" G="0.00678048" T="0.306676"/>
      <pos A="0.419925" C="0.133375" G="0.120038" T="0.326663"/>
      <pos A="0.100138" C="0.153361" G="0.106714" T="0.639787"/>
      <pos A="0.220058" C="0.0267798" G="0.0201046" T="0.733058"/>
      <pos A="0.0201912" C="0.00013058" G="0.000117921" T="0.97956"/>
      <pos A="0.100138" C="0.0600906" G="0.0534154" T="0.786356"/>
      <pos A="0.0934753" C="0.0934014" G="0.179998" T="0.633124"/>
      <pos A="0.120125" C="0.00013058" G="0.826234" T="0.0535107"/>
      <pos A="0.0135286" C="0.00013058" G="0.732962" T="0.253377"/>
      <pos A="0.359965" C="0.199997" G="0.199985" T="0.240053"/>
      <pos A="0.533182" C="0.0667532" G="0.0734021" T="0.326663"/>
    </motif>
    <motif db="0" id="MA0554.1" alt="SOC1" length="21" nsites="806"
        url="http://jaspar.genereg.net?ID=MA0554.1&amp;rm=present&amp;collection=CORE">
      <pos A="3.80846e-05" C="0.259297" G="0.142684" T="0.597981"/>
      <pos A="3.80846e-05" C="0.260538" G="0.167495" T="0.571929"/>
      <pos A="0.040976" C="0.208435" G="2.19576e-05" T="0.750567"/>
      <pos A="3.80846e-05" C="0.404441" G="0.0546062" T="0.540916"/>
      <pos A="0.172474" C="0.155092" G="0.147647" T="0.524789"/>
      <pos A="0.0968001" C="0.276665" G="0.117873" T="0.508662"/>
      <pos A="3.80846e-05" C="0.255576" G="0.0285544" T="0.715832"/>
      <pos A="0.0968001" C="0.189827" G="0.152608" T="0.560764"/>
      <pos A="0.0794322" C="2.43146e-05" G="0.00746503" T="0.913077"/>
      <pos A="3.80846e-05" C="0.326287" G="0.122836" T="0.550839"/>
      <pos A="0.07323" C="0.111673" G="0.0707332" T="0.744364"/>
      <pos A="3.80846e-05" C="0.320084" G="0.166254" T="0.513624"/>
      <pos A="3.80846e-05" C="0.223322" G="0.0124274" T="0.764213"/>
      <pos A="3.80846e-05" C="0.42553" G="0.096784" T="0.477647"/>
      <pos A="0.0608245" C="2.43146e-05" G="0.142684" T="0.796467"/>
      <pos A="0.145181" C="0.354819" G="2.19576e-05" T="0.499978"/>
      <pos A="3.80846e-05" C="0.15013" G="2.19576e-05" T="0.84981"/>
      <pos A="0.040976" C="0.258057" G="0.0794161" T="0.621551"/>
      <pos A="0.0174059" C="0.235727" G="2.19576e-05" T="0.746845"/>
      <pos A="0.0980409" C="0.297754" G="0.121595" T="0.48261"/>
      <pos A="0.156347" C="0.168737" G="0.182381" T="0.492535"/>
    </motif>
    <motif db="0" id="MA0555.1" alt="SVP" length="20" nsites="92"
        url="http://jaspar.genereg.net?ID=MA0555.1&amp;rm=present&amp;collection=CORE">
      <pos A="0.304351" C="0.2608" G="0.228205" T="0.206645"/>
      <pos A="0.304351" C="0.119648" G="0.0870548" T="0.488946"/>
      <pos A="0.304351" C="0.011071" G="0.10877" T="0.575809"/>
      <pos A="0.35864" C="0.173937" G="0.119627" T="0.347796"/>
      <pos A="0.0763377" C="0.923123" G="0.000192182" T="0.000347448"/>
      <pos A="0.0329069" C="0.857976" G="0.0110504" T="0.0980672"/>
      <pos A="0.630084" C="0.173937" G="0.0761966" T="0.119783"/>
      <pos A="0.727804" C="0.0545018" G="0.0870548" T="0.130641"/>
      <pos A="0.934101" C="0.000212812" G="0.000192182" T="0.0654936"/>
      <pos A="0.836382" C="0.011071" G="0.0219076" T="0.130641"/>
      <pos A="0.847239" C="0.0870754" G="0.0327658" T="0.032921"/>
      <pos A="0.369497" C="0.108791" G="0.152201" T="0.369511"/>
      <pos A="0.174058" C="0.000212812" G="0.803667" T="0.0220628"/>
      <pos A="0.000333333" C="0.000212812" G="0.999106" T="0.000347448"/>
      <pos A="0.771234" C="0.108791" G="0.000192182" T="0.119783"/>
      <pos A="0.912385" C="0.0219282" G="0.0219076" T="0.0437782"/>
      <pos A="0.836382" C="0.0762172" G="0.0219076" T="0.0654936"/>
      <pos A="0.369497" C="0.0870754" G="0.423645" T="0.119783"/>
      <pos A="0.543221" C="0.173937" G="0.0544812" T="0.228361"/>
      <pos A="0.412928" C="0.228226" G="0.0327658" T="0.32608"/>
    </motif>
    <motif db="0" id="MA0556.1" alt="AP3" length="15" nsites="291"
        url="http://jaspar.genereg.net?ID=MA0556.1&amp;rm=present&amp;collection=CORE">
      <pos A="0.316148" C="0.123736" G="0.0687662" T="0.49135"/>
      <pos A="0.288666" C="0.11343" G="0.134036" T="0.463869"/>
      <pos A="0.164997" C="0.827962" G="6.08038e-05" T="0.00698057"/>
      <pos A="0.000105462" C="0.797044" G="0.00349562" T="0.199354"/>
      <pos A="0.635626" C="0.209617" G="0.0378488" T="0.116908"/>
      <pos A="0.745553" C="0.0756424" G="0.0378488" T="0.140955"/>
      <pos A="0.97228" C="6.73308e-05" G="6.08038e-05" T="0.0275915"/>
      <pos A="0.824564" C="0.00350215" G="6.08038e-05" T="0.171872"/>
      <pos A="0.536003" C="0.0344195" G="0.357326" T="0.0722501"/>
      <pos A="0.326453" C="6.73308e-05" G="0.103118" T="0.570361"/>
      <pos A="0.33676" C="0.00693797" G="0.656192" T="0.000109928"/>
      <pos A="0.0241522" C="6.73308e-05" G="0.975671" T="0.000109928"/>
      <pos A="0.628755" C="0.192441" G="0.0172369" T="0.161566"/>
      <pos A="0.793647" C="0.0619021" G="0.0309782" T="0.113473"/>
      <pos A="0.834871" C="0.0309847" G="0.0653304" T="0.0688153"/>
    </motif>
    <motif db="0" id="MA0558.1" alt="FLC" length="21" nsites="275"
        url="http://jaspar.genereg.net?ID=MA0558.1&amp;rm=present&amp;collection=CORE">
      <pos A="0.439952" C="0.160013" G="0.163641" T="0.236394"/>
      <pos A="0.327266" C="0.221809" G="0.229072" T="0.221854"/>
      <pos A="0.345441" C="0.134567" G="0.0764006" T="0.443591"/>
      <pos A="0.298185" C="0.0945819" G="0.130926" T="0.476307"/>
      <pos A="0.283644" C="0.0909472" G="0.239977" T="0.385431"/>
      <pos A="0.196404" C="0.701634" G="0.0436845" T="0.0582772"/>
      <pos A="0.0328267" C="0.672554" G="0.0146041" T="0.280015"/>
      <pos A="0.490842" C="0.254524" G="0.13456" T="0.120073"/>
      <pos A="0.71985" C="0.036422" G="0.138196" T="0.105533"/>
      <pos A="0.948858" C="7.12468e-05" G="0.0109694" T="0.0401018"/>
      <pos A="0.847077" C="0.0109763" G="0.0109694" T="0.130978"/>
      <pos A="0.701674" C="0.0109763" G="0.0654955" T="0.221854"/>
      <pos A="0.283644" C="0.0400567" G="0.0545895" T="0.621708"/>
      <pos A="0.512652" C="7.12468e-05" G="0.48716" T="0.000116321"/>
      <pos A="0.000111596" C="7.12468e-05" G="0.999701" T="0.000116321"/>
      <pos A="0.788916" C="0.0764075" G="0.0218744" T="0.112802"/>
      <pos A="0.974302" C="0.0109763" G="0.0146041" T="0.000116321"/>
      <pos A="0.934317" C="0.00370593" G="0.0545895" T="0.00738668"/>
      <pos A="0.225485" C="0.156378" G="0.538051" T="0.0800872"/>
      <pos A="0.396332" C="0.170918" G="0.0618599" T="0.37089"/>
      <pos A="0.37452" C="0.181823" G="0.105481" T="0.338175"/>
    </motif>
    <motif db="0" id="MA0559.1" alt="PI" length="14" nsites="558"
        url="http://jaspar.genereg.net?ID=MA0559.1&amp;rm=present&amp;collection=CORE">
      <pos A="0.279575" C="0.600286" G="0.0860383" T="0.0341012"/>
      <pos A="0.102188" C="0.706002" G="0.0788706" T="0.11294"/>
      <pos A="0.639725" C="0.141587" G="0.120082" T="0.0986057"/>
      <pos A="0.802778" C="0.0215363" G="0.148751" T="0.0269345"/>
      <pos A="0.987333" C="0.0018268" G="0.00719843" T="0.0036407"/>
      <pos A="0.892368" C="3.51192e-05" G="0.0215329" T="0.0860639"/>
      <pos A="0.539385" C="0.0143696" G="0.437229" T="0.00901673"/>
      <pos A="0.559095" C="0.0251206" G="0.123666" T="0.29212"/>
      <pos A="0.413959" C="3.51192e-05" G="0.585949" T="5.73374e-05"/>
      <pos A="0.0125978" C="0.0107862" G="0.97656" T="5.73374e-05"/>
      <pos A="0.799195" C="0.0967918" G="0.0125745" T="0.091439"/>
      <pos A="0.886993" C="0.0125779" G="0.043035" T="0.0573951"/>
      <pos A="0.817113" C="0.0466218" G="0.107539" T="0.0287262"/>
      <pos A="0.458754" C="0.103959" G="0.356599" T="0.0806879"/>
    </motif>
    <motif db="0" id="MA0570.1" alt="ABF1" length="19" nsites="44"
        url="http://jaspar.genereg.net?ID=MA0570.1&amp;rm=present&amp;collection=CORE">
      <pos A="0.000696145" C="0.0911473" G="0.726025" T="0.182131"/>
      <pos A="0.182102" C="0.0457964" G="0.635322" T="0.13678"/>
      <pos A="0.431535" C="0.363256" G="0.000401361" T="0.204807"/>
      <pos A="0.000696145" C="0.794096" G="0.181807" T="0.0234011"/>
      <pos A="0.975753" C="0.000444444" G="0.0230768" T="0.000725624"/>
      <pos A="0.000696145" C="0.998177" G="0.000401361" T="0.000725624"/>
      <pos A="0.000696145" C="0.000444444" G="0.998134" T="0.000725624"/>
      <pos A="0.000696145" C="0.000444444" G="0.000401361" T="0.998458"/>
      <pos A="0.000696145" C="0.000444444" G="0.998134" T="0.000725624"/>
      <pos A="0.000696145" C="0.000444444" G="0.862079" T="0.13678"/>
      <pos A="0.000696145" C="0.998177" G="0.000401361" T="0.000725624"/>
      <pos A="0.386184" C="0.317905" G="0.204483" T="0.0914285"/>
      <pos A="0.136751" C="0.544663" G="0.204483" T="0.114104"/>
      <pos A="0.295481" C="0.136499" G="0.476592" T="0.0914285"/>
      <pos A="0.45421" C="0.249878" G="0.249834" T="0.0460776"/>
      <pos A="0.272805" C="0.431283" G="0.295186" T="0.000725624"/>
      <pos A="0.295481" C="0.272553" G="0.385889" T="0.0460776"/>
      <pos A="0.227454" C="0.136499" G="0.521943" T="0.114104"/>
      <pos A="0.295481" C="0.204526" G="0.453916" T="0.0460776"/>
    </motif>
    <motif db="0" id="MA0577.1" alt="SPL3" length="16" nsites="34"
        url="http://jaspar.genereg.net?ID=MA0577.1&amp;rm=present&amp;collection=CORE">
      <pos A="0.382132" C="0.088551" G="0.264449" T="0.264868"/>
      <pos A="0.235504" C="0.0592263" G="0.235123" T="0.470146"/>
      <pos A="0.411458" C="0.00057478" G="0.176473" T="0.411496"/>
      <pos A="0.294156" C="0.0299005" G="0.381751" T="0.294194"/>
      <pos A="0.382132" C="0.440457" G="0.0298448" T="0.147566"/>
      <pos A="0.0595518" C="0.851014" G="0.0591706" T="0.0302642"/>
      <pos A="0.000900293" C="0.00057478" G="0.997587" T="0.000938416"/>
      <pos A="0.000900293" C="0.00057478" G="0.000519062" T="0.998006"/>
      <pos A="0.997968" C="0.00057478" G="0.000519062" T="0.000938416"/>
      <pos A="0.000900293" C="0.997642" G="0.000519062" T="0.000938416"/>
      <pos A="0.294156" C="0.205853" G="0.205797" T="0.294194"/>
      <pos A="0.382132" C="0.176528" G="0.0591706" T="0.38217"/>
      <pos A="0.235504" C="0.264505" G="0.117821" T="0.38217"/>
      <pos A="0.294156" C="0.235179" G="0.0591706" T="0.411496"/>
      <pos A="0.352806" C="0.205853" G="0.000519062" T="0.440821"/>
      <pos A="0.26483" C="0.352481" G="0.0884953" T="0.294194"/>
    </motif>
    <motif db="0" id="MA0578.1" alt="SPL8" length="16" nsites="30"
        url="http://jaspar.genereg.net?ID=MA0578.1&amp;rm=present&amp;collection=CORE">
      <pos A="0.366469" C="0.0338734" G="0.133478" T="0.46618"/>
      <pos A="0.366469" C="0.000651163" G="0.199924" T="0.432956"/>
      <pos A="0.300023" C="0.133541" G="0.199924" T="0.366512"/>
      <pos A="0.333246" C="0.0338734" G="0.133478" T="0.499402"/>
      <pos A="0.333246" C="0.199987" G="0.133478" T="0.333289"/>
      <pos A="0.100688" C="0.332877" G="0.0670336" T="0.499402"/>
      <pos A="0.00101993" C="0.000651163" G="0.997266" T="0.00106312"/>
      <pos A="0.00101993" C="0.000651163" G="0.00058804" T="0.997741"/>
      <pos A="0.997698" C="0.000651163" G="0.00058804" T="0.00106312"/>
      <pos A="0.00101993" C="0.997329" G="0.00058804" T="0.00106312"/>
      <pos A="0.200355" C="0.399322" G="0.0338103" T="0.366512"/>
      <pos A="0.333246" C="0.233209" G="0.00058804" T="0.432956"/>
      <pos A="0.167133" C="0.266432" G="0.0338103" T="0.532624"/>
      <pos A="0.432913" C="0.166764" G="0.00058804" T="0.399734"/>
      <pos A="0.333246" C="0.100319" G="0.00058804" T="0.565848"/>
      <pos A="0.366469" C="0.199987" G="0.00058804" T="0.432956"/>
    </motif>
    <motif db="0" id="MA0593.1" alt="FOXP2" length="11" nsites="766"
        url="http://jaspar.genereg.net?ID=MA0593.1&amp;rm=present&amp;collection=CORE">
      <pos A="0.430793" C="0.147526" G="0.248033" T="0.173648"/>
      <pos A="0.443846" C="0.00916239" G="0.185378" T="0.361614"/>
      <pos A="0.20889" C="2.55841e-05" G="0.791043" T="4.177e-05"/>
      <pos A="0.077053" C="2.55841e-05" G="2.3104e-05" T="0.922898"/>
      <pos A="0.99991" C="2.55841e-05" G="2.3104e-05" T="4.177e-05"/>
      <pos A="0.99991" C="2.55841e-05" G="2.3104e-05" T="4.177e-05"/>
      <pos A="0.99991" C="2.55841e-05" G="2.3104e-05" T="4.177e-05"/>
      <pos A="4.00731e-05" C="0.988148" G="2.3104e-05" T="0.0117892"/>
      <pos A="0.99991" C="2.55841e-05" G="2.3104e-05" T="4.177e-05"/>
      <pos A="0.387717" C="0.201043" G="0.38248" T="0.028759"/>
      <pos A="0.433403" C="0.161884" G="0.240201" T="0.164511"/>
    </motif>
    <motif db="0" id="MA0613.1" alt="FOXG1" length="8" nsites="1000"
        url="http://jaspar.genereg.net?ID=MA0613.1&amp;rm=present&amp;collection=CORE">
      <pos A="0.374367" C="0.0010205" G="0.623579" T="0.0010329"/>
      <pos A="0.0010306" C="0.0010195" G="0.0010176" T="0.996932"/>
      <pos A="0.996931" C="0.0010195" G="0.0010176" T="0.0010319"/>
      <pos A="0.996931" C="0.0010195" G="0.0010176" T="0.0010319"/>
      <pos A="0.996931" C="0.0010195" G="0.0010176" T="0.0010319"/>
      <pos A="0.0010306" C="0.99692" G="0.0010176" T="0.0010319"/>
      <pos A="0.996931" C="0.0010195" G="0.0010176" T="0.0010319"/>
      <pos A="0.497981" C="0.167003" G="0.0020175" T="0.332999"/>
    </motif>
    <motif db="0" id="MA0614.1" alt="Foxj2" length="8" nsites="999"
        url="http://jaspar.genereg.net?ID=MA0614.1&amp;rm=present&amp;collection=CORE">
      <pos A="0.461446" C="1.96177e-05" G="0.538503" T="3.20288e-05"/>
      <pos A="0.0500757" C="0.0250421" G="1.77159e-05" T="0.924864"/>
      <pos A="0.794951" C="0.204999" G="1.77159e-05" T="3.20288e-05"/>
      <pos A="0.977911" C="1.96177e-05" G="1.77159e-05" T="0.0220518"/>
      <pos A="0.999931" C="1.96177e-05" G="1.77159e-05" T="3.20288e-05"/>
      <pos A="3.07277e-05" C="0.953924" G="1.77159e-05" T="0.0460274"/>
      <pos A="0.999931" C="1.96177e-05" G="1.77159e-05" T="3.20288e-05"/>
      <pos A="0.593565" C="0.125132" G="0.12513" T="0.156172"/>
    </motif>
    <motif db="0" id="MA0732.1" alt="EGR3" length="15" nsites="1834"
        url="http://jaspar.genereg.net?ID=MA0732.1&amp;rm=present&amp;collection=CORE">
      <pos A="0.194804" C="0.372822" G="0.160695" T="0.271679"/>
      <pos A="0.267472" C="0.292164" G="0.115063" T="0.325301"/>
      <pos A="0.585116" C="0.397832" G="0.00568434" T="0.0113678"/>
      <pos A="0.00108668" C="0.991936" G="9.65051e-06" T="0.00696907"/>
      <pos A="0.0288112" C="0.0139719" G="0.941494" T="0.0157236"/>
      <pos A="1.67385e-05" C="0.99888" G="0.00108559" T="1.74472e-05"/>
      <pos A="1.67385e-05" C="0.994603" G="9.65051e-06" T="0.00537016"/>
      <pos A="1.67385e-05" C="0.954409" G="0.00367445" T="0.0419002"/>
      <pos A="0.711457" C="0.279307" G="0.00676228" T="0.00247231"/>
      <pos A="1.67385e-05" C="0.995179" G="0.00372445" T="0.00107939"/>
      <pos A="0.0173878" C="0.012482" G="0.958532" T="0.0115978"/>
      <pos A="0.00105668" C="0.987477" G="0.000529622" T="0.0109369"/>
      <pos A="0.806878" C="0.0345358" G="0.107421" T="0.0511657"/>
      <pos A="0.243847" C="0.360351" G="0.066072" T="0.329729"/>
      <pos A="0.239279" C="0.209062" G="0.138975" T="0.412684"/>
    </motif>
    <motif db="0" id="MA0733.1" alt="EGR4" length="16" nsites="5768"
        url="http://jaspar.genereg.net?ID=MA0733.1&amp;rm=present&amp;collection=CORE">
      <pos A="0.209029" C="0.261328" G="0.179832" T="0.349811"/>
      <pos A="0.209151" C="0.304481" G="0.0964334" T="0.389935"/>
      <pos A="0.551422" C="0.386498" G="0.0303355" T="0.031745"/>
      <pos A="0.020061" C="0.886803" G="0.0297886" T="0.0633484"/>
      <pos A="0.0632512" C="0.0540355" G="0.802287" T="0.0804272"/>
      <pos A="0.00239228" C="0.964838" G="0.0136718" T="0.0190982"/>
      <pos A="0.0252629" C="0.936211" G="0.0225247" T="0.0160023"/>
      <pos A="5.32238e-06" C="0.948092" G="0.0236887" T="0.0282131"/>
      <pos A="0.718155" C="0.168369" G="0.0555401" T="0.0579365"/>
      <pos A="0.00916216" C="0.916117" G="0.0237277" T="0.0509937"/>
      <pos A="0.0254949" C="0.196149" G="0.750674" T="0.0276821"/>
      <pos A="0.00210329" C="0.913542" G="0.0383994" T="0.0459548"/>
      <pos A="0.681752" C="0.124132" G="0.122652" T="0.0714643"/>
      <pos A="0.324289" C="0.263613" G="0.0770697" T="0.335029"/>
      <pos A="0.259312" C="0.143208" G="0.114532" T="0.482949"/>
      <pos A="0.210203" C="0.197317" G="0.165019" T="0.42746"/>
    </motif>
    <motif db="0" id="MA0740.1" alt="KLF14" length="14" nsites="2201"
        url="http://jaspar.genereg.net?ID=MA0740.1&amp;rm=present&amp;collection=CORE">
      <pos A="0.186637" C="0.0933207" G="0.41926" T="0.300782"/>
      <pos A="0.332046" C="0.020124" G="0.628251" T="0.0195786"/>
      <pos A="0.220457" C="0.569975" G="0.0402412" T="0.169328"/>
      <pos A="1.39476e-05" C="0.861036" G="0.0053928" T="0.133557"/>
      <pos A="0.895621" C="0.0713217" G="0.0304207" T="0.00263642"/>
      <pos A="0.00126389" C="0.997464" G="8.04143e-06" T="0.00126448"/>
      <pos A="0.0224519" C="0.0117154" G="0.955737" T="0.0100951"/>
      <pos A="1.39476e-05" C="0.998095" G="0.00187696" T="1.45382e-05"/>
      <pos A="1.39476e-05" C="0.994384" G="0.00186796" T="0.00373437"/>
      <pos A="1.39476e-05" C="0.958845" G="0.00239193" T="0.0387498"/>
      <pos A="0.418953" C="0.5623" G="0.000593015" T="0.0181527"/>
      <pos A="0.0154792" C="0.707082" G="0.00725771" T="0.270181"/>
      <pos A="0.139729" C="0.296402" G="0.044417" T="0.519452"/>
      <pos A="0.192358" C="0.21962" G="0.0930688" T="0.494953"/>
    </motif>
    <motif db="0" id="MA0741.1" alt="KLF16" length="11" nsites="2019"
        url="http://jaspar.genereg.net?ID=MA0741.1&amp;rm=present&amp;collection=CORE">
      <pos A="0.21815" C="0.175238" G="0.527988" T="0.078623"/>
      <pos A="0.332963" C="0.595693" G="0.0284624" T="0.0428817"/>
      <pos A="0.0359554" C="0.934456" G="0.00348659" T="0.0261016"/>
      <pos A="0.69992" C="0.28058" G="0.0194848" T="1.58486e-05"/>
      <pos A="0.0385193" C="0.940453" G="0.00992628" T="0.0111003"/>
      <pos A="0.185108" C="0.0644385" G="0.600351" T="0.150101"/>
      <pos A="0.00495296" C="0.995022" G="8.76628e-06" T="1.58486e-05"/>
      <pos A="0.00124814" C="0.993795" G="0.00494052" T="1.58486e-05"/>
      <pos A="0.00927375" C="0.932834" G="0.00174468" T="0.0561471"/>
      <pos A="0.261522" C="0.703147" G="0.0113782" T="0.0239527"/>
      <pos A="0.0157234" C="0.791331" G="0.0112992" T="0.181647"/>
    </motif>
    <motif db="0" id="MA0746.1" alt="SP3" length="11" nsites="9351"
        url="http://jaspar.genereg.net?ID=MA0746.1&amp;rm=present&amp;collection=CORE">
      <pos A="0.224" C="0.300548" G="0.35578" T="0.119673"/>
      <pos A="0.176352" C="0.709801" G="0.0423174" T="0.0715307"/>
      <pos A="0.0855464" C="0.838805" G="0.0317316" T="0.043917"/>
      <pos A="0.716822" C="0.238364" G="0.0267436" T="0.0180722"/>
      <pos A="0.022599" C="0.933335" G="0.0120058" T="0.0320611"/>
      <pos A="0.261176" C="0.0389097" G="0.555374" T="0.14454"/>
      <pos A="0.0206731" C="0.962001" G="0.00553283" T="0.0117933"/>
      <pos A="0.025945" C="0.957818" G="0.00768281" T="0.00855433"/>
      <pos A="0.00957418" C="0.810913" G="0.0150937" T="0.164419"/>
      <pos A="0.43348" C="0.453749" G="0.0234946" T="0.0892765"/>
      <pos A="0.12755" C="0.558991" G="0.0905029" T="0.222956"/>
    </motif>
    <motif db="0" id="MA0747.1" alt="SP8" length="12" nsites="190"
        url="http://jaspar.genereg.net?ID=MA0747.1&amp;rm=present&amp;collection=CORE">
      <pos A="0.311375" C="0.161695" G="0.466913" T="0.0600168"/>
      <pos A="0.315784" C="0.660574" G="9.31089e-05" T="0.023548"/>
      <pos A="0.122048" C="0.814309" G="9.31089e-05" T="0.06355"/>
      <pos A="0.78673" C="0.195266" G="0.006007" T="0.0119961"/>
      <pos A="0.03903" C="0.927393" G="0.00564619" T="0.0279317"/>
      <pos A="0.0933964" C="0.13809" G="0.622899" T="0.145614"/>
      <pos A="0.0279249" C="0.927393" G="0.0334086" T="0.0112735"/>
      <pos A="0.0117834" C="0.970522" G="0.0175259" T="0.000168332"/>
      <pos A="0.000161494" C="0.89748" G="0.0215868" T="0.0807709"/>
      <pos A="0.511256" C="0.437373" G="0.0341662" T="0.0172044"/>
      <pos A="0.0543" C="0.69557" G="0.0875471" T="0.162583"/>
      <pos A="0.18681" C="0.313191" G="0.00611394" T="0.493884"/>
    </motif>
    <motif db="0" id="MA0756.1" alt="ONECUT2" length="14" nsites="2625"
        url="http://jaspar.genereg.net?ID=MA0756.1&amp;rm=present&amp;collection=CORE">
      <pos A="0.432291" C="0.187132" G="0.226659" T="0.153917"/>
      <pos A="0.573402" C="0.0807784" G="0.216658" T="0.129161"/>
      <pos A="0.676708" C="0.0722867" G="0.106719" T="0.144287"/>
      <pos A="0.740102" C="0.0488696" G="0.0258388" T="0.18519"/>
      <pos A="0.942131" C="0.00476129" G="0.045171" T="0.00793589"/>
      <pos A="0.98957" C="0.000423451" G="0.00749746" T="0.00250909"/>
      <pos A="0.00334057" C="0.00333634" G="0.0037516" T="0.98957"/>
      <pos A="0.0025236" C="0.995366" G="6.7426e-06" T="0.00210511"/>
      <pos A="0.373013" C="0.00669021" G="0.620284" T="1.219e-05"/>
      <pos A="0.98957" C="0.000839435" G="0.000422727" T="0.00916684"/>
      <pos A="0.00830338" C="0.00581125" G="6.7426e-06" T="0.985879"/>
      <pos A="0.857843" C="0.0303093" G="0.0378843" T="0.0739634"/>
      <pos A="0.48449" C="0.180396" G="0.0745419" T="0.260572"/>
      <pos A="0.27376" C="0.221193" G="0.0996669" T="0.40538"/>
    </motif>
    <motif db="0" id="MA0757.1" alt="ONECUT3" length="14" nsites="6390"
        url="http://jaspar.genereg.net?ID=MA0757.1&amp;rm=present&amp;collection=CORE">
      <pos A="0.466938" C="0.168092" G="0.228288" T="0.136681"/>
      <pos A="0.633383" C="0.0623381" G="0.187664" T="0.116615"/>
      <pos A="0.786538" C="0.0354485" G="0.0644258" T="0.113586"/>
      <pos A="0.801468" C="0.0228077" G="0.0147665" T="0.160956"/>
      <pos A="0.970616" C="0.004473" G="0.0162865" T="0.00862587"/>
      <pos A="0.990701" C="0.000818054" G="0.00668367" T="0.00179698"/>
      <pos A="0.00514172" C="0.0165388" G="0.00225073" T="0.97607"/>
      <pos A="0.00376875" C="0.994914" G="0.000493762" T="0.000822995"/>
      <pos A="0.64637" C="0.00327602" G="0.348549" T="0.00180498"/>
      <pos A="0.99394" C="0.000984052" G="0.00147375" T="0.00360195"/>
      <pos A="0.00701269" C="0.000981052" G="0.00114375" T="0.990864"/>
      <pos A="0.905157" C="0.0156348" G="0.0278423" T="0.0513662"/>
      <pos A="0.59539" C="0.141613" G="0.0685877" T="0.19441"/>
      <pos A="0.3062" C="0.209012" G="0.104096" T="0.380693"/>
    </motif>
    <motif db="0" id="MA0758.1" alt="E2F7" length="14" nsites="962"
        url="http://jaspar.genereg.net?ID=MA0758.1&amp;rm=present&amp;collection=CORE">
      <pos A="0.210836" C="0.0683893" G="0.17284" T="0.547934"/>
      <pos A="0.0398598" C="0.00735761" G="0.0188844" T="0.933898"/>
      <pos A="3.19094e-05" C="0.00312605" G="1.83973e-05" T="0.996824"/>
      <pos A="3.19094e-05" C="0.00106426" G="1.83973e-05" T="0.998885"/>
      <pos A="3.19094e-05" C="0.997838" G="0.00209718" T="3.32606e-05"/>
      <pos A="3.19094e-05" C="0.989619" G="0.0103163" T="3.32606e-05"/>
      <pos A="3.19094e-05" C="0.999916" G="1.83973e-05" T="3.32606e-05"/>
      <pos A="0.0020357" C="0.00102227" G="0.996909" T="3.32606e-05"/>
      <pos A="3.19094e-05" C="0.999916" G="1.83973e-05" T="3.32606e-05"/>
      <pos A="3.19094e-05" C="0.981828" G="0.0171016" T="0.00103816"/>
      <pos A="0.994476" C="2.03721e-05" G="1.83973e-05" T="0.00548569"/>
      <pos A="0.989291" C="0.00108426" G="0.00320907" T="0.0064156"/>
      <pos A="0.950154" C="0.00223214" G="1.83973e-05" T="0.0475943"/>
      <pos A="0.672528" C="0.00223214" G="0.00223017" T="0.323009"/>
    </motif>
    <motif db="0" id="MA0846.1" alt="FOXC2" length="12" nsites="23975"
        url="http://jaspar.genereg.net?ID=MA0846.1&amp;rm=present&amp;collection=CORE">
      <pos A="0.402857" C="0.0576416" G="0.0204617" T="0.51904"/>
      <pos A="0.698608" C="0.0564196" G="0.173935" T="0.071037"/>
      <pos A="0.417612" C="0.128451" G="0.115628" T="0.33831"/>
      <pos A="0.305154" C="0.0209217" G="0.667457" T="0.00646731"/>
      <pos A="0.075505" C="0.142082" G="0.0120887" T="0.770324"/>
      <pos A="0.745914" C="0.246463" G="0.00317273" T="0.00445032"/>
      <pos A="0.974649" C="0.0163907" G="0.00385972" T="0.00509931"/>
      <pos A="0.970303" C="0.0049818" G="0.0132347" T="0.0114803"/>
      <pos A="0.00150927" C="0.70226" G="0.00330872" T="0.292921"/>
      <pos A="0.969476" C="0.0047878" G="0.0155457" T="0.0101913"/>
      <pos A="0.54822" C="0.0860515" G="0.0705074" T="0.295221"/>
      <pos A="0.419897" C="0.117625" G="0.101165" T="0.361314"/>
    </motif>
    <motif db="0" id="MA0851.1" alt="Foxj3" length="17" nsites="100"
        url="http://jaspar.genereg.net?ID=MA0851.1&amp;rm=present&amp;collection=CORE">
      <pos A="0.270037" C="0.259936" G="0.209967" T="0.26006"/>
      <pos A="0.339967" C="0.130066" G="0.309867" T="0.2201"/>
      <pos A="0.479827" C="0.190006" G="0.160017" T="0.17015"/>
      <pos A="0.509797" C="0.130066" G="0.170007" T="0.19013"/>
      <pos A="0.346496" C="0.12878" G="0.326583" T="0.198142"/>
      <pos A="0.303034" C="0.0102867" G="0.68636" T="0.00031968"/>
      <pos A="0.0102967" C="0.0201758" G="0.000176823" T="0.969351"/>
      <pos A="0.91858" C="0.0809231" G="0.000176823" T="0.00031968"/>
      <pos A="0.949852" C="0.019978" G="0.000176823" T="0.029993"/>
      <pos A="0.989318" C="0.000195804" G="0.000176823" T="0.0103097"/>
      <pos A="0.000306693" C="0.81756" G="0.000176823" T="0.181956"/>
      <pos A="0.989318" C="0.000195804" G="0.000176823" T="0.0103097"/>
      <pos A="0.781703" C="0.0694336" G="0.0595235" T="0.0893397"/>
      <pos A="0.569737" C="0.0901059" G="0.0701069" T="0.27005"/>
      <pos A="0.220087" C="0.339856" G="0.259917" T="0.18014"/>
      <pos A="0.270037" C="0.269926" G="0.239937" T="0.2201"/>
      <pos A="0.242489" C="0.393741" G="0.171722" T="0.192047"/>
    </motif>
    <motif db="0" id="MA0852.1" alt="Foxk1" length="17" nsites="100"
        url="http://jaspar.genereg.net?ID=MA0852.1&amp;rm=present&amp;collection=CORE">
      <pos A="0.339967" C="0.190006" G="0.209967" T="0.26006"/>
      <pos A="0.405842" C="0.118889" G="0.277128" T="0.198142"/>
      <pos A="0.599707" C="0.0701259" G="0.120057" T="0.21011"/>
      <pos A="0.709597" C="0.0401558" G="0.0501269" T="0.20012"/>
      <pos A="0.120187" C="0.120076" G="0.179997" T="0.57974"/>
      <pos A="0.200107" C="0.0101858" G="0.789388" T="0.00031968"/>
      <pos A="0.0204885" C="0.000195804" G="0.000176823" T="0.979139"/>
      <pos A="0.919388" C="0.0801159" G="0.000176823" T="0.00031968"/>
      <pos A="0.969338" C="0.0101858" G="0.000176823" T="0.0202997"/>
      <pos A="0.999308" C="0.000195804" G="0.000176823" T="0.00031968"/>
      <pos A="0.000306693" C="0.889307" G="0.000176823" T="0.11021"/>
      <pos A="0.999308" C="0.000195804" G="0.000176823" T="0.00031968"/>
      <pos A="0.80758" C="0.0607413" G="0.0203586" T="0.11132"/>
      <pos A="0.565399" C="0.091014" G="0.101086" T="0.242501"/>
      <pos A="0.270037" C="0.299896" G="0.289887" T="0.14018"/>
      <pos A="0.339967" C="0.219976" G="0.249927" T="0.19013"/>
      <pos A="0.15167" C="0.27265" G="0.323086" T="0.252592"/>
    </motif>
    <motif db="0" id="MA0865.1" alt="E2F8" length="12" nsites="96"
        url="http://jaspar.genereg.net?ID=MA0865.1&amp;rm=present&amp;collection=CORE">
      <pos A="0.0322012" C="0.0320857" G="0.0108111" T="0.924902"/>
      <pos A="0.000319459" C="0.0324284" G="0.000184183" T="0.967068"/>
      <pos A="0.000319459" C="0.000203954" G="0.010926" T="0.988551"/>
      <pos A="0.000319459" C="0.989073" G="0.000184183" T="0.0104235"/>
      <pos A="0.000319459" C="0.968892" G="0.000184183" T="0.0306045"/>
      <pos A="0.000319459" C="0.98897" G="0.0103776" T="0.000332986"/>
      <pos A="0.0310564" C="0.0539939" G="0.914617" T="0.000332986"/>
      <pos A="0.000319459" C="0.988865" G="0.000184183" T="0.0106313"/>
      <pos A="0.0205004" C="0.93862" G="0.0405461" T="0.000332986"/>
      <pos A="0.940516" C="0.0119567" G="0.0354415" T="0.0120857"/>
      <pos A="0.999279" C="0.000203954" G="0.000184183" T="0.000332986"/>
      <pos A="0.917969" C="0.0234358" G="0.0118001" T="0.0467966"/>
    </motif>
    <motif db="0" id="MA0920.1" alt="fkh-2" length="8" nsites="999"
        url="http://jaspar.genereg.net?ID=MA0920.1&amp;rm=present&amp;collection=CORE">
      <pos A="0.416405" C="1.96177e-05" G="0.541506" T="0.0420698"/>
      <pos A="0.0290278" C="1.96177e-05" G="1.77159e-05" T="0.970935"/>
      <pos A="0.827948" C="0.172002" G="1.77159e-05" T="3.20288e-05"/>
      <pos A="0.942879" C="1.96177e-05" G="1.77159e-05" T="0.0570833"/>
      <pos A="0.999931" C="1.96177e-05" G="1.77159e-05" T="3.20288e-05"/>
      <pos A="0.057025" C="0.913928" G="1.77159e-05" T="0.0290291"/>
      <pos A="0.999931" C="1.96177e-05" G="1.77159e-05" T="3.20288e-05"/>
      <pos A="0.434421" C="0.217215" G="0.131136" T="0.217227"/>
    </motif>
    <motif db="0" id="MA0925.1" alt="sma-4" length="11" nsites="1000"
        url="http://jaspar.genereg.net?ID=MA0925.1&amp;rm=present&amp;collection=CORE">
      <pos A="0.330998" C="0.222997" G="0.222995" T="0.22301"/>
      <pos A="0.273003" C="0.227997" G="0.299988" T="0.199012"/>
      <pos A="0.0330274" C="0.0330163" G="0.0330144" T="0.900942"/>
      <pos A="3.06969e-05" C="1.9598e-05" G="0.916926" T="0.0830237"/>
      <pos A="0.0830224" C="1.9598e-05" G="1.76982e-05" T="0.91694"/>
      <pos A="3.06969e-05" C="0.99992" G="1.76982e-05" T="3.19968e-05"/>
      <pos A="3.06969e-05" C="1.9598e-05" G="1.76982e-05" T="0.999932"/>
      <pos A="0.215009" C="1.9598e-05" G="0.784939" T="3.19968e-05"/>
      <pos A="0.027028" C="0.0270169" G="0.835934" T="0.110021"/>
      <pos A="0.359995" C="0.241995" G="0.255992" T="0.142018"/>
      <pos A="0.217009" C="0.348985" G="0.216996" T="0.21701"/>
    </motif>
    <motif db="0" id="MA0929.1" alt="NCU00019" length="12" nsites="1000"
        url="http://jaspar.genereg.net?ID=MA0929.1&amp;rm=present&amp;collection=CORE">
      <pos A="0.325672" C="0.224772" G="0.22477" T="0.224785"/>
      <pos A="0.224783" C="0.224772" G="0.22477" T="0.325673"/>
      <pos A="0.319999" C="0.127007" G="0.229995" T="0.323"/>
      <pos A="0.149866" C="0.0549591" G="0.740204" T="0.0549715"/>
      <pos A="0.11102" C="1.9598e-05" G="1.76982e-05" T="0.888943"/>
      <pos A="0.80295" C="0.101009" G="1.76982e-05" T="0.0960224"/>
      <pos A="0.999931" C="1.9598e-05" G="1.76982e-05" T="3.19968e-05"/>
      <pos A="0.89884" C="1.9598e-05" G="1.76982e-05" T="0.101123"/>
      <pos A="0.0260021" C="0.520448" G="0.0259891" T="0.427561"/>
      <pos A="0.922016" C="0.025991" G="0.0259891" T="0.0260034"/>
      <pos A="0.437987" C="0.218998" G="0.124005" T="0.21901"/>
      <pos A="0.412576" C="0.195804" G="0.195802" T="0.195816"/>
    </motif>
    <motif db="0" id="MA0955.1" alt="POPTR_0002s00440g" length="7" nsites="1000"
        url="http://jaspar.genereg.net?ID=MA0955.1&amp;rm=present&amp;collection=CORE">
      <pos A="0.20081" C="0.265727" G="0.32466" T="0.208802"/>
      <pos A="0.0090388" C="0.0290457" G="0.954877" T="0.0070383"/>
      <pos A="0.0080299" C="0.0110185" G="0.0990078" T="0.881944"/>
      <pos A="0.951888" C="0.0430583" G="0.0050222" T="3.19968e-05"/>
      <pos A="0.153015" C="0.705949" G="0.0290148" T="0.112021"/>
      <pos A="0.0410676" C="0.0800916" G="0.859792" T="0.0190491"/>
      <pos A="0.187824" C="0.0499646" G="0.695253" T="0.0669583"/>
    </motif>
    <motif db="0" id="MA1002.1" alt="ERF112" length="10" nsites="1000"
        url="http://jaspar.genereg.net?ID=MA1002.1&amp;rm=present&amp;collection=CORE">
      <pos A="0.188823" C="0.239756" G="0.391587" T="0.179834"/>
      <pos A="0.100021" C="0.435976" G="0.345983" T="0.11802"/>
      <pos A="0.223231" C="0.605565" G="0.117123" T="0.0540806"/>
      <pos A="0.0150142" C="0.0010185" G="0.912014" T="0.0719528"/>
      <pos A="3.06969e-05" C="0.99692" G="0.0020175" T="0.0010319"/>
      <pos A="0.0420265" C="0.950925" G="0.0040173" T="0.0030317"/>
      <pos A="0.0360271" C="0.0280168" G="0.902927" T="0.0330287"/>
      <pos A="0.170843" C="0.517451" G="0.100907" T="0.2108"/>
      <pos A="0.235771" C="0.660294" G="0.036977" T="0.0669583"/>
      <pos A="0.477505" C="0.132873" G="0.239754" T="0.149867"/>
    </motif>
    <motif db="0" id="MA1005.1" alt="ERF3" length="8" nsites="999"
        url="http://jaspar.genereg.net?ID=MA1005.1&amp;rm=present&amp;collection=CORE">
      <pos A="0.0800227" C="0.759944" G="0.0800097" T="0.080024"/>
      <pos A="0.0140433" C="1.96177e-05" G="0.985905" T="3.20288e-05"/>
      <pos A="3.07277e-05" C="0.885817" G="0.11412" T="3.20288e-05"/>
      <pos A="3.07277e-05" C="0.985907" G="0.0140303" T="3.20288e-05"/>
      <pos A="0.0140433" C="1.96177e-05" G="0.985905" T="3.20288e-05"/>
      <pos A="0.057025" C="0.642955" G="0.185999" T="0.114021"/>
      <pos A="0.0791018" C="0.904834" G="1.77159e-05" T="0.0160464"/>
      <pos A="0.581555" C="0.0230403" G="0.279269" T="0.116136"/>
    </motif>
    <motif db="0" id="MA1012.1" alt="AGL27" length="15" nsites="1000"
        url="http://jaspar.genereg.net?ID=MA1012.1&amp;rm=present&amp;collection=CORE">
      <pos A="0.459525" C="0.0639492" G="0.14286" T="0.333665"/>
      <pos A="0.0950212" C="0.634956" G="0.189999" T="0.080024"/>
      <pos A="0.0010306" C="0.046015" G="0.0010176" T="0.951937"/>
      <pos A="0.0010306" C="0.0010195" G="0.0010176" T="0.996932"/>
      <pos A="0.158015" C="0.0010195" G="0.0150162" T="0.825949"/>
      <pos A="0.0010306" C="0.99692" G="0.0010176" T="0.0010319"/>
      <pos A="0.0010306" C="0.331986" G="0.0010176" T="0.665965"/>
      <pos A="0.776953" C="0.0010195" G="0.0010176" T="0.22101"/>
      <pos A="0.269004" C="0.0470149" G="0.0010176" T="0.682964"/>
      <pos A="0.0780229" C="0.0010195" G="0.0010176" T="0.91994"/>
      <pos A="0.0310276" C="0.0010195" G="0.0010176" T="0.966935"/>
      <pos A="0.127018" C="0.221997" G="0.0160161" T="0.634969"/>
      <pos A="0.0790228" C="0.143005" G="0.348983" T="0.428989"/>
      <pos A="0.301001" C="0.0010195" G="0.666951" T="0.0310289"/>
      <pos A="0.0950212" C="0.0010195" G="0.649953" T="0.254007"/>
    </motif>
    <motif db="0" id="MA1034.1" alt="Os05g0497200" length="8" nsites="999"
        url="http://jaspar.genereg.net?ID=MA1034.1&amp;rm=present&amp;collection=CORE">
      <pos A="0.00303343" C="0.990911" G="0.00302042" T="0.00303473"/>
      <pos A="0.00303343" C="0.00302232" G="0.99091" T="0.00303473"/>
      <pos A="0.00303343" C="0.661615" G="0.332316" T="0.00303473"/>
      <pos A="0.00303343" C="0.990911" G="0.00302042" T="0.00303473"/>
      <pos A="0.00303343" C="0.00302232" G="0.99091" T="0.00303473"/>
      <pos A="0.00303343" C="0.990911" G="0.00302042" T="0.00303473"/>
      <pos A="0.00303343" C="0.990911" G="0.00302042" T="0.00303473"/>
      <pos A="0.494981" C="0.00501912" G="0.494968" T="0.00503153"/>
    </motif>
    <motif db="0" id="MA1057.1" alt="SPL12" length="8" nsites="1000"
        url="http://jaspar.genereg.net?ID=MA1057.1&amp;rm=present&amp;collection=CORE">
      <pos A="0.272003" C="0.182001" G="0.210997" T="0.334999"/>
      <pos A="0.143016" C="0.0490147" G="0.760942" T="0.0470273"/>
      <pos A="0.0080299" C="0.0380158" G="0.0120165" T="0.941938"/>
      <pos A="0.946936" C="0.046015" G="0.0050172" T="0.0020318"/>
      <pos A="0.0050302" C="0.99392" G="1.76982e-05" T="0.0010319"/>
      <pos A="0.0760231" C="0.0780118" G="0.743943" T="0.102022"/>
      <pos A="0.249255" C="0.0530673" G="0.538503" T="0.159175"/>
      <pos A="0.277725" C="0.261731" G="0.150852" T="0.309691"/>
    </motif>
  </targets>
  <matches>
    <query idx="0">
      <target idx="14" rc="n" off="-4" pv="4.26e-09" ev="4.61e-06" qv="9.21e-06"/>
      <target idx="43" rc="n" off="-1" pv="2.43e-04" ev="2.62e-01" qv="2.62e-01"/>
      <target idx="37" rc="n" off="-3" pv="2.45e-03" ev="2.65e+00" qv="1.00e+00"/>
      <target idx="42" rc="n" off="-1" pv="3.96e-03" ev="4.28e+00" qv="1.00e+00"/>
      <target idx="56" rc="y" off="-5" pv="4.72e-03" ev="5.11e+00" qv="1.00e+00"/>
    </query>
    <query idx="1">
      <target idx="31" rc="n" off="1" pv="2.40e-11" ev="2.59e-08" qv="5.17e-08"/>
      <target idx="11" rc="y" off="-1" pv="7.98e-05" ev="8.63e-02" qv="7.62e-02"/>
      <target idx="16" rc="y" off="-1" pv="1.24e-04" ev="1.35e-01" qv="7.62e-02"/>
      <target idx="23" rc="y" off="-3" pv="1.41e-04" ev="1.53e-01" qv="7.62e-02"/>
      <target idx="27" rc="y" off="-8" pv="4.44e-04" ev="4.80e-01" qv="1.85e-01"/>
      <target idx="35" rc="y" off="-8" pv="5.15e-04" ev="5.57e-01" qv="1.85e-01"/>
      <target idx="4" rc="y" off="-5" pv="7.04e-04" ev="7.62e-01" qv="1.95e-01"/>
      <target idx="53" rc="y" off="-1" pv="7.25e-04" ev="7.84e-01" qv="1.95e-01"/>
      <target idx="5" rc="y" off="-3" pv="1.24e-03" ev="1.34e+00" qv="2.81e-01"/>
      <target idx="34" rc="y" off="3" pv="1.30e-03" ev="1.41e+00" qv="2.81e-01"/>
      <target idx="49" rc="y" off="-6" pv="1.70e-03" ev="1.84e+00" qv="3.34e-01"/>
      <target idx="32" rc="y" off="-5" pv="1.88e-03" ev="2.04e+00" qv="3.39e-01"/>
      <target idx="30" rc="n" off="0" pv="2.81e-03" ev="3.04e+00" qv="4.67e-01"/>
      <target idx="17" rc="n" off="1" pv="3.18e-03" ev="3.44e+00" qv="4.89e-01"/>
      <target idx="12" rc="y" off="1" pv="3.92e-03" ev="4.24e+00" qv="5.63e-01"/>
      <target idx="29" rc="y" off="-3" pv="4.21e-03" ev="4.56e+00" qv="5.68e-01"/>
      <target idx="33" rc="y" off="0" pv="4.72e-03" ev="5.10e+00" qv="5.76e-01"/>
      <target idx="8" rc="n" off="0" pv="4.81e-03" ev="5.20e+00" qv="5.76e-01"/>
      <target idx="6" rc="n" off="3" pv="5.10e-03" ev="5.52e+00" qv="5.79e-01"/>
      <target idx="48" rc="y" off="-6" pv="6.78e-03" ev="7.33e+00" qv="7.02e-01"/>
      <target idx="52" rc="y" off="-1" pv="6.98e-03" ev="7.55e+00" qv="7.02e-01"/>
      <target idx="38" rc="n" off="-3" pv="7.16e-03" ev="7.75e+00" qv="7.02e-01"/>
      <target idx="39" rc="y" off="-4" pv="8.39e-03" ev="9.08e+00" qv="7.87e-01"/>
      <target idx="61" rc="n" off="-7" pv="9.09e-03" ev="9.84e+00" qv="8.07e-01"/>
    </query>
    <query idx="2">
      <target idx="31" rc="y" off="0" pv="3.29e-10" ev="3.56e-07" qv="7.08e-07"/>
      <target idx="23" rc="n" off="-6" pv="3.87e-05" ev="4.19e-02" qv="4.17e-02"/>
      <target idx="11" rc="n" off="-2" pv="1.27e-04" ev="1.37e-01" qv="9.13e-02"/>
      <target idx="52" rc="n" off="-6" pv="2.24e-04" ev="2.42e-01" qv="1.21e-01"/>
      <target idx="13" rc="n" off="-11" pv="2.93e-04" ev="3.17e-01" qv="1.26e-01"/>
      <target idx="49" rc="n" off="-6" pv="7.56e-04" ev="8.18e-01" qv="2.08e-01"/>
      <target idx="35" rc="n" off="2" pv="7.56e-04" ev="8.18e-01" qv="2.08e-01"/>
      <target idx="39" rc="n" off="-9" pv="8.06e-04" ev="8.72e-01" qv="2.08e-01"/>
      <target idx="27" rc="n" off="-1" pv="9.49e-04" ev="1.03e+00" qv="2.08e-01"/>
      <target idx="6" rc="y" off="0" pv="9.66e-04" ev="1.05e+00" qv="2.08e-01"/>
      <target idx="16" rc="n" off="2" pv="1.47e-03" ev="1.59e+00" qv="2.88e-01"/>
      <target idx="51" rc="n" off="-8" pv="2.11e-03" ev="2.28e+00" qv="3.77e-01"/>
      <target idx="41" rc="n" off="-11" pv="2.27e-03" ev="2.46e+00" qv="3.77e-01"/>
      <target idx="53" rc="n" off="-6" pv="2.63e-03" ev="2.84e+00" qv="3.96e-01"/>
      <target idx="55" rc="n" off="-11" pv="2.76e-03" ev="2.99e+00" qv="3.96e-01"/>
      <target idx="8" rc="y" off="1" pv="3.69e-03" ev="3.99e+00" qv="4.55e-01"/>
      <target idx="0" rc="n" off="0" pv="3.87e-03" ev="4.18e+00" qv="4.55e-01"/>
      <target idx="48" rc="n" off="-6" pv="4.11e-03" ev="4.45e+00" qv="4.55e-01"/>
      <target idx="32" rc="n" off="0" pv="4.14e-03" ev="4.48e+00" qv="4.55e-01"/>
      <target idx="3" rc="y" off="-5" pv="4.23e-03" ev="4.57e+00" qv="4.55e-01"/>
      <target idx="4" rc="n" off="-1" pv="5.68e-03" ev="6.15e+00" qv="5.52e-01"/>
      <target idx="1" rc="n" off="-9" pv="5.68e-03" ev="6.15e+00" qv="5.52e-01"/>
      <target idx="57" rc="n" off="-8" pv="5.89e-03" ev="6.37e+00" qv="5.52e-01"/>
      <target idx="40" rc="n" off="-11" pv="8.18e-03" ev="8.85e+00" qv="7.34e-01"/>
      <target idx="34" rc="n" off="-2" pv="8.96e-03" ev="9.69e+00" qv="7.72e-01"/>
    </query>
    <query idx="3">
      <target idx="21" rc="n" off="-8" pv="4.08e-06" ev="4.41e-03" qv="8.79e-03"/>
      <target idx="20" rc="n" off="-8" pv="2.55e-05" ev="2.76e-02" qv="2.75e-02"/>
      <target idx="9" rc="n" off="0" pv="1.28e-04" ev="1.39e-01" qv="9.22e-02"/>
      <target idx="10" rc="y" off="-3" pv="2.06e-04" ev="2.23e-01" qv="1.11e-01"/>
      <target idx="7" rc="y" off="-3" pv="9.23e-04" ev="9.99e-01" qv="3.21e-01"/>
      <target idx="45" rc="y" off="0" pv="9.23e-04" ev="9.99e-01" qv="3.21e-01"/>
      <target idx="2" rc="n" off="-10" pv="1.37e-03" ev="1.48e+00" qv="3.21e-01"/>
      <target idx="24" rc="y" off="-2" pv="1.50e-03" ev="1.63e+00" qv="3.21e-01"/>
      <target idx="54" rc="y" off="-6" pv="1.55e-03" ev="1.68e+00" qv="3.21e-01"/>
      <target idx="36" rc="n" off="0" pv="1.56e-03" ev="1.69e+00" qv="3.21e-01"/>
      <target idx="18" rc="n" off="-8" pv="1.67e-03" ev="1.80e+00" qv="3.21e-01"/>
      <target idx="46" rc="y" off="0" pv="1.79e-03" ev="1.94e+00" qv="3.21e-01"/>
      <target idx="15" rc="y" off="0" pv="1.94e-03" ev="2.10e+00" qv="3.21e-01"/>
      <target idx="44" rc="y" off="2" pv="4.39e-03" ev="4.75e+00" qv="5.42e-01"/>
      <target idx="19" rc="y" off="-9" pv="4.49e-03" ev="4.86e+00" qv="5.42e-01"/>
      <target idx="59" rc="n" off="-3" pv="4.86e-03" ev="5.26e+00" qv="5.42e-01"/>
      <target idx="25" rc="n" off="-2" pv="4.88e-03" ev="5.28e+00" qv="5.42e-01"/>
      <target idx="22" rc="y" off="-3" pv="5.20e-03" ev="5.62e+00" qv="5.42e-01"/>
      <target idx="47" rc="y" off="1" pv="5.62e-03" ev="6.08e+00" qv="5.45e-01"/>
      <target idx="62" rc="n" off="1" pv="5.82e-03" ev="6.30e+00" qv="5.45e-01"/>
      <target idx="50" rc="y" off="-5" pv="7.58e-03" ev="8.21e+00" qv="6.81e-01"/>
      <target idx="60" rc="n" off="1" pv="8.28e-03" ev="8.96e+00" qv="7.14e-01"/>
      <target idx="28" rc="n" off="-5" pv="9.20e-03" ev="9.95e+00" qv="7.22e-01"/>
      <target idx="26" rc="n" off="2" pv="9.20e-03" ev="9.95e+00" qv="7.22e-01"/>
    </query>
    <query idx="4">
      <target idx="14" rc="n" off="0" pv="5.04e-09" ev="5.45e-06" qv="1.09e-05"/>
      <target idx="58" rc="y" off="-3" pv="6.20e-03" ev="6.71e+00" qv="1.00e+00"/>
      <target idx="63" rc="y" off="-2" pv="8.21e-03" ev="8.88e+00" qv="1.00e+00"/>
    </query>
  </matches>
  <runtime cycles="31873385" seconds="31.873"/>
</tomtom>
